,OK=0,Ground motion,Load factor,E - glob,Gl Drift,Gl Drift - class,Element ID,Section ID (E el.),E el.,Section ID (PA el.),PA el.,PA el. - class
0,0,SMART1_45E01EW,1,1.2697915561579796,0.214736,Minor,"[1020, 1121, 1222, 1323, 2021, 2122, 2223, 2030, 2131, 2232, 2333, 3031, 3132, 3233, 3040, 3141, 3242, 3343, 4041, 4142, 4243]","[1, 1, 1, 1, 5, 5, 5, 5, 5, 5, 5, 5, 5, 5, 5, 5, 5, 5, 5, 5, 5]","[0.07262815838222994, 0.10582680882878044, 0.10663916556756343, 0.0709793946052994, 0.006179725609394943, 0.002105525596368941, 0.009758453347926917, 0.0050371464325307605, 0.03593681379102361, 0.035850584085777154, 0.007915429147590095, 0.001298969191534622, 0.0009449026859483702, 0.0017417980734838572, 0.0005239326178357174, 0.0021254869253948087, 0.002052008677547093, 0.0009370919800984457, 0.00011171774336650019, 0.00011250944733249787, 0.00014431798478143254]","[1, 1, 1, 1, 5, 5, 5, 5, 5, 5, 5, 5, 5, 5, 5, 5, 5, 5, 5, 5, 1]","[0.06545808999272032, 0.07472465696401523, 0.07587705522628642, 0.0650598108803085, 0.025345330345664798, 0.020590287361501855, 0.02811870546241315, 0.028999707454821624, 0.04942917994052525, 0.04900740459960829, 0.03433776873239365, 0.018479730853402324, 0.01667486090051303, 0.019418299367337903, 0.017972479895621323, 0.022761970543175497, 0.021850105602027766, 0.020253746899939945, 0.009199136931502948, 0.008714567657416584, 0.008443732396507373]","['No damage', 'No damage', 'No damage', 'No damage', 'No damage', 'No damage', 'No damage', 'No damage', 'No damage', 'No damage', 'No damage', 'No damage', 'No damage', 'No damage', 'No damage', 'No damage', 'No damage', 'No damage', 'No damage', 'No damage', 'No damage']"
1,0,SMART1_45E02NS,1,1.34666167237256,0.267584,Minor,"[1020, 1121, 1222, 1323, 2021, 2122, 2223, 2030, 2131, 2232, 2333, 3031, 3132, 3233, 3040, 3141, 3242, 3343, 4041, 4142, 4243]","[1, 1, 1, 1, 1, 1, 5, 5, 5, 5, 5, 1, 1, 1, 5, 5, 5, 5, 1, 1, 1]","[0.23683063735137502, 0.332571271603838, 0.332387442327173, 0.2364769689829191, 0.028390437084781957, 0.007376946414221736, 0.021359820039828448, 0.02293799556291728, 0.10226073799736848, 0.10248702260192631, 0.017365056159201878, 0.005623977877855657, 0.0032192250840579655, 0.004205187503849573, 0.0029102601370044, 0.006815864897378048, 0.006993949720626721, 0.0013928439876142937, 0.0005525163438321178, 0.0005449294931249137, 0.000586078071275736]","[1, 1, 1, 1, 1, 1, 5, 5, 5, 5, 5, 1, 1, 5, 5, 5, 5, 5, 5, 1, 1]","[0.09859914411477014, 0.11716400742581308, 0.11493044060078007, 0.10325536785119133, 0.034189339214633074, 0.022906098707802712, 0.03221150715308351, 0.04190668871218358, 0.06490231803488428, 0.06523970820089481, 0.03810886936660011, 0.021546961101934756, 0.01805301769069182, 0.02083691385257058, 0.023725129970331497, 0.02723042349337313, 0.028087454076746135, 0.02313545375069739, 0.010144736021657922, 0.009643938817558581, 0.010303511758954907]","['No damage', 'Minor', 'Minor', 'Minor', 'No damage', 'No damage', 'No damage', 'No damage', 'No damage', 'No damage', 'No damage', 'No damage', 'No damage', 'No damage', 'No damage', 'No damage', 'No damage', 'No damage', 'No damage', 'No damage', 'No damage']"
2,0,SMART1_45I01NS,1,11.211162028720166,0.5485828571428571,Moderate,"[1020, 1121, 1222, 1323, 2021, 2122, 2223, 2030, 2131, 2232, 2333, 3031, 3132, 3233, 3040, 3141, 3242, 3343, 4041, 4142, 4243]","[1, 1, 1, 1, 1, 5, 5, 5, 5, 5, 5, 1, 5, 5, 5, 5, 5, 5, 1, 5, 5]","[11.90261924127008, 10.520848333044144, 10.279840210079046, 12.555692947029414, 0.062031604588404704, 0.008937202117522802, 0.06862895585697029, 0.07396528288633808, 0.29810792832449445, 0.2977342944209898, 0.07510476337675734, 0.00816861138855502, 0.003279783026042752, 0.012165914974554463, 0.0030501402433946293, 0.020008776687534247, 0.018595550709068497, 0.0041201799625447625, 0.00037387477596993843, 0.0002012609996372213, 0.0004930970505507852]","[1, 1, 1, 1, 1, 5, 5, 5, 5, 5, 5, 5, 5, 5, 5, 5, 5, 5, 5, 5, 5]","[1.0447826221017296, 0.9065957273237017, 0.9051990837958279, 1.027411056031995, 0.04251564048269323, 0.02638989923298588, 0.04794712613842409, 0.05652385414283759, 0.11902993363335514, 0.12001337173187379, 0.06603405810898938, 0.025336700642799078, 0.021826564623758125, 0.02855952407627019, 0.02527921130656409, 0.040359667016250926, 0.03821632366617252, 0.028216889167424933, 0.01172360778936083, 0.011520090647614709, 0.011463638846199423]","['Collapse', 'Severe', 'Severe', 'Collapse', 'No damage', 'No damage', 'No damage', 'No damage', 'Minor', 'Minor', 'No damage', 'No damage', 'No damage', 'No damage', 'No damage', 'No damage', 'No damage', 'No damage', 'No damage', 'No damage', 'No damage']"
3,0,SMART1_45I07EW,1,1.1971422704917336,0.2793925714285714,Minor,"[1020, 1121, 1222, 1323, 2021, 2122, 2223, 2030, 2131, 2232, 2333, 3031, 3132, 3233, 3040, 3141, 3242, 3343, 4041, 4142, 4243]","[1, 1, 1, 1, 1, 5, 5, 5, 5, 5, 5, 1, 5, 5, 5, 5, 5, 5, 5, 5, 5]","[0.22708002534762808, 0.31868633441966776, 0.31829050176196483, 0.22723828200709623, 0.027495467448971942, 0.004548196969415956, 0.024872738714058686, 0.02364098710917435, 0.11848350676090715, 0.11849617704666449, 0.022367584280394433, 0.0036710055318435668, 0.0019262920628062524, 0.004180413449850282, 0.0015648380406991487, 0.005994289415912264, 0.006009092169612644, 0.0021143039784580504, 0.0002362470083714251, 0.0002170369267136772, 0.0002938968733130051]","[1, 1, 1, 1, 1, 1, 5, 5, 5, 5, 5, 1, 1, 5, 5, 5, 5, 5, 5, 1, 1]","[0.10280195232155533, 0.12340723989139937, 0.12085084015635508, 0.10913840699531344, 0.03640770244654049, 0.023660032596464535, 0.03257355187869573, 0.04520980345946543, 0.07344831154884374, 0.07367245549140228, 0.040935454071813704, 0.02274923943725545, 0.01871528382371951, 0.02186335827639419, 0.023242372790951694, 0.027285226987107215, 0.02797302864604937, 0.023099251160222923, 0.01012044794196921, 0.009714322614928302, 0.01020490174594375]","['Minor', 'Minor', 'Minor', 'Minor', 'No damage', 'No damage', 'No damage', 'No damage', 'No damage', 'No damage', 'No damage', 'No damage', 'No damage', 'No damage', 'No damage', 'No damage', 'No damage', 'No damage', 'No damage', 'No damage', 'No damage']"
4,0,SMART1_45M01EW,1,0.8417992430281409,0.2242365714285714,Minor,"[1020, 1121, 1222, 1323, 2021, 2122, 2223, 2030, 2131, 2232, 2333, 3031, 3132, 3233, 3040, 3141, 3242, 3343, 4041, 4142, 4243]","[1, 1, 1, 1, 1, 1, 5, 5, 5, 5, 5, 1, 1, 1, 5, 5, 5, 5, 1, 1, 1]","[0.10660274789881174, 0.16713842237503096, 0.16719283252938133, 0.10567015848600428, 0.012766218954653127, 0.004340190095037728, 0.01362476404742536, 0.012859021078957988, 0.06830080931871083, 0.06831203246269021, 0.01353054297344899, 0.0037177236123891212, 0.002313665900201223, 0.0031287599473249104, 0.002038197740533083, 0.004308588266159525, 0.0043810371052439455, 0.0011401934220950805, 0.00036766427178561937, 0.00033679907333902413, 0.00036013961548552386]","[1, 1, 1, 1, 5, 5, 5, 5, 5, 5, 5, 5, 5, 5, 5, 5, 5, 5, 5, 5, 1]","[0.07176486640155703, 0.08247448778992116, 0.08371784579021416, 0.07040980183115464, 0.026493784243428672, 0.02129708975484209, 0.02979120839113519, 0.033203498465607585, 0.056459607923284826, 0.0561323291609719, 0.0372092289661378, 0.019530329102812282, 0.017529350258160794, 0.020748124370717363, 0.020317095469279265, 0.025366091002468217, 0.024440450818476914, 0.02193633855649644, 0.0097497409069525, 0.009208057550460608, 0.009189786261273246]","['No damage', 'No damage', 'No damage', 'No damage', 'No damage', 'No damage', 'No damage', 'No damage', 'No damage', 'No damage', 'No damage', 'No damage', 'No damage', 'No damage', 'No damage', 'No damage', 'No damage', 'No damage', 'No damage', 'No damage', 'No damage']"
5,0,SMART1_45M07EW,1,7.050564161949624,0.47064000000000006,Minor,"[1020, 1121, 1222, 1323, 2021, 2122, 2223, 2030, 2131, 2232, 2333, 3031, 3132, 3233, 3040, 3141, 3242, 3343, 4041, 4142, 4243]","[1, 1, 1, 1, 1, 5, 5, 5, 5, 5, 5, 1, 5, 5, 5, 5, 5, 5, 5, 5, 5]","[6.970956285765924, 5.785098105234304, 5.944688806928843, 7.0846636562703065, 0.061862819979956046, 0.010674615964488793, 0.06370769010302366, 0.08685053314430262, 0.31861740591908444, 0.31991091364536484, 0.09588301481066386, 0.010209969595881961, 0.004902506374078901, 0.015321503808572792, 0.0025974743453250643, 0.026806835127661903, 0.027351286800469124, 0.005374294433603578, 0.0006765014793101015, 0.000840562041067203, 0.0010116471822153843]","[1, 1, 1, 1, 1, 1, 5, 5, 5, 5, 5, 1, 1, 5, 5, 5, 5, 5, 5, 1, 1]","[0.7259507622088925, 0.6127170493663741, 0.6236027687838219, 0.7056075112862733, 0.04943673611527837, 0.026748309774813447, 0.04399787379592279, 0.0700431391219802, 0.1270364323380795, 0.12584509921769502, 0.07037617866486191, 0.029498081875638998, 0.022253926967682813, 0.029497904590604113, 0.029427985835245248, 0.042815540087098744, 0.04370811929621655, 0.02946475534930036, 0.012138792018504749, 0.011676762517148817, 0.012159743693629247]","['Severe', 'Severe', 'Severe', 'Severe', 'No damage', 'No damage', 'No damage', 'No damage', 'Minor', 'Minor', 'No damage', 'No damage', 'No damage', 'No damage', 'No damage', 'No damage', 'No damage', 'No damage', 'No damage', 'No damage', 'No damage']"
6,0,SMART1_45O01EW,1,4.846146963272611,0.4741114285714286,Minor,"[1020, 1121, 1222, 1323, 2021, 2122, 2223, 2030, 2131, 2232, 2333, 3031, 3132, 3233, 3040, 3141, 3242, 3343, 4041, 4142, 4243]","[1, 1, 1, 1, 1, 1, 5, 5, 5, 5, 5, 1, 1, 5, 5, 5, 5, 5, 1, 1, 1]","[4.353174435319008, 3.9585058255029746, 3.8839828509919996, 4.262911427141037, 0.06209678120995007, 0.00959770011546372, 0.06131742438177049, 0.07772441438344681, 0.2788367503983393, 0.27847977485346637, 0.07324717739568135, 0.012476030222533147, 0.004085854287516041, 0.009336562952541394, 0.005140460387633812, 0.026769484183251976, 0.02647907863239684, 0.002935319030462369, 0.0009145333992856301, 0.0006434188113705066, 0.0006206163749524808]","[1, 1, 1, 1, 1, 5, 5, 5, 5, 5, 5, 1, 5, 5, 5, 5, 5, 5, 5, 5, 1]","[0.5947601203660067, 0.5342276550571985, 0.5354568819861577, 0.5507918988806655, 0.04424924384820403, 0.026927397967044985, 0.04889235300621387, 0.06395916889400383, 0.11775972394098586, 0.11839901541973606, 0.06637970303895913, 0.027981734212186374, 0.02191044874307448, 0.028859866465543654, 0.02962413548806333, 0.04362856243732129, 0.042288552645378064, 0.0298344218076746, 0.012147138701676238, 0.011654465204189035, 0.012066407442760725]","['Severe', 'Severe', 'Severe', 'Severe', 'No damage', 'No damage', 'No damage', 'No damage', 'Minor', 'Minor', 'No damage', 'No damage', 'No damage', 'No damage', 'No damage', 'No damage', 'No damage', 'No damage', 'No damage', 'No damage', 'No damage']"
7,0,SMART1_45O02NS,1,19.956663776396066,1.065377142857143,Moderate,"[1020, 1121, 1222, 1323, 2021, 2122, 2223, 2030, 2131, 2232, 2333, 3031, 3132, 3233, 3040, 3141, 3242, 3343, 4041, 4142, 4243]","[1, 1, 1, 1, 1, 1, 5, 5, 5, 5, 5, 1, 1, 5, 5, 5, 5, 5, 1, 3, 5]","[15.147417112397338, 15.083916107615966, 15.169480261808593, 15.010785171437169, 0.06790535750405555, 0.008911093197053063, 0.07200965207562174, 0.08480111942457896, 0.3084460312022301, 0.30803545776652325, 0.08104363473460173, 0.010997949305548645, 0.002659554351271873, 0.012596240206165822, 0.0045675341555213, 0.02237232922575535, 0.020075709792830018, 0.00405134242756741, 0.0010238017437998303, 0.00015417411596499992, 0.00043367506936898734]","[1, 1, 1, 1, 1, 5, 5, 5, 5, 5, 5, 5, 5, 5, 5, 5, 5, 5, 5, 5, 5]","[1.5929146226766746, 1.5896558048978422, 1.5859377247135529, 1.6109746856918314, 0.04354986393901992, 0.027087095492255627, 0.05189088866282386, 0.06140874647441842, 0.13080965661211805, 0.13105037333199376, 0.07212655855615069, 0.026428242060890672, 0.02229728390936536, 0.029783553851855868, 0.02504973395777422, 0.04394601199171408, 0.040821738432103266, 0.029156933268982468, 0.012152952440126102, 0.011777144184961178, 0.011766842634756143]","['Collapse', 'Collapse', 'Collapse', 'Collapse', 'No damage', 'No damage', 'No damage', 'No damage', 'Minor', 'Minor', 'No damage', 'No damage', 'No damage', 'No damage', 'No damage', 'No damage', 'No damage', 'No damage', 'No damage', 'No damage', 'No damage']"
8,0,SMART1_45O04NS,1,1.814894791111236,0.27706857142857144,Minor,"[1020, 1121, 1222, 1323, 2021, 2122, 2223, 2030, 2131, 2232, 2333, 3031, 3132, 3233, 3040, 3141, 3242, 3343, 4041, 4142, 4243]","[1, 1, 1, 1, 1, 1, 5, 5, 5, 5, 5, 1, 1, 1, 5, 5, 5, 5, 1, 1, 1]","[0.28640609241609627, 0.4241458167554066, 0.4229987966842018, 0.2837946819678312, 0.03511442470620049, 0.00857596160256684, 0.032657369551100775, 0.0324452778323722, 0.15703876057071742, 0.15732785998305102, 0.0315266515254231, 0.007286979622155539, 0.0038015513457046353, 0.005437966984469881, 0.0037812415695500892, 0.00999824243234575, 0.010127202674854438, 0.002349503865903936, 0.0005855948683358586, 0.0004889877135896598, 0.0005309650580987248]","[1, 1, 1, 1, 1, 5, 5, 5, 5, 5, 5, 1, 5, 5, 5, 5, 5, 5, 5, 1, 1]","[0.11067610011455734, 0.12472477852696515, 0.1270984639646345, 0.1044657763373757, 0.03411974057324468, 0.023522078319995306, 0.03608217565955765, 0.042202653011429406, 0.0746469531777685, 0.07451147897427102, 0.04515958864585606, 0.022134473150133935, 0.018657235210050676, 0.022679960487904834, 0.02380836883184119, 0.0285303126410692, 0.02852727995362151, 0.023601459466574052, 0.010293774006732084, 0.009717500917760892, 0.010330750651945626]","['Minor', 'Minor', 'Minor', 'Minor', 'No damage', 'No damage', 'No damage', 'No damage', 'No damage', 'No damage', 'No damage', 'No damage', 'No damage', 'No damage', 'No damage', 'No damage', 'No damage', 'No damage', 'No damage', 'No damage', 'No damage']"
9,0,SMART1_45O06NS,1,7.898449375083674,0.45709999999999995,Minor,"[1020, 1121, 1222, 1323, 2021, 2122, 2223, 2030, 2131, 2232, 2333, 3031, 3132, 3233, 3040, 3141, 3242, 3343, 4041, 4142, 4243]","[1, 1, 1, 1, 1, 5, 5, 5, 5, 5, 5, 5, 5, 5, 5, 5, 5, 5, 5, 5, 5]","[8.8044703505621, 7.5889696388592665, 7.350069918983908, 8.92728909854068, 0.04950670360785288, 0.011712938918914338, 0.06534671332988932, 0.05355104600952661, 0.23422532910310087, 0.23302659317721008, 0.06410275652057543, 0.008234641053310798, 0.004792363197898542, 0.013533484516593208, 0.0010644950918479216, 0.016879290199412426, 0.015500424212116174, 0.005004786730811159, 0.0007494201465536145, 0.0007657307096663377, 0.0009914468133631182]","[1, 1, 1, 1, 1, 5, 5, 5, 5, 5, 5, 5, 5, 5, 5, 5, 5, 5, 5, 5, 5]","[0.7721730943998016, 0.69491571128884, 0.6735926229190644, 0.7924892352213547, 0.040995940731532676, 0.026418200002104573, 0.04718526830583264, 0.05277259740423544, 0.11273249173012555, 0.11291396043452014, 0.0650369222301782, 0.025298332670123356, 0.021491186143436796, 0.028438514162442308, 0.0241747101614252, 0.04079035391119747, 0.03874113834071101, 0.02905618044529874, 0.011982209276951795, 0.011326426108277818, 0.011737850643579318]","['Severe', 'Severe', 'Severe', 'Severe', 'No damage', 'No damage', 'No damage', 'No damage', 'Minor', 'Minor', 'No damage', 'No damage', 'No damage', 'No damage', 'No damage', 'No damage', 'No damage', 'No damage', 'No damage', 'No damage', 'No damage']"
10,0,SMART1_45O07EW,1,8.423034108892535,0.49509428571428576,Minor,"[1020, 1121, 1222, 1323, 2021, 2122, 2223, 2030, 2131, 2232, 2333, 3031, 3132, 3233, 3040, 3141, 3242, 3343, 4041, 4142, 4243]","[1, 1, 1, 1, 1, 1, 5, 5, 5, 5, 5, 1, 1, 5, 5, 5, 5, 5, 1, 1, 5]","[8.351003139684448, 7.777961785590443, 7.808198087009744, 8.869172395447361, 0.06900438159314533, 0.008351279674078466, 0.06423447761401477, 0.09046891205514529, 0.3319402155225736, 0.3341339347126671, 0.0921324128763431, 0.013484796014844314, 0.0030909919836962065, 0.013965232134505998, 0.004434777684618931, 0.030994147015016727, 0.03165934221112929, 0.005111238397437763, 0.0004826565799164772, 0.000156408145234147, 0.00047061325801459736]","[1, 1, 1, 1, 1, 1, 5, 5, 5, 5, 5, 1, 1, 5, 5, 5, 5, 5, 5, 5, 5]","[0.7676903106686355, 0.7320021125960707, 0.7320430105667544, 0.8426025836897795, 0.04867048513512403, 0.026530810428171157, 0.0459202751597016, 0.07007111194077696, 0.12706099151877512, 0.12593475443935528, 0.06722295239209188, 0.02962616488541889, 0.022249170197558163, 0.029999052545250572, 0.02942242199166165, 0.04522688272547679, 0.043659270457925316, 0.03066770240844556, 0.012329171724061297, 0.011789874079326069, 0.01223322378144399]","['Severe', 'Severe', 'Severe', 'Severe', 'No damage', 'No damage', 'No damage', 'No damage', 'Minor', 'Minor', 'No damage', 'No damage', 'No damage', 'No damage', 'No damage', 'No damage', 'No damage', 'No damage', 'No damage', 'No damage', 'No damage']"
11,0,SMART1_45O08EW,1,1.9442753711590954,0.30076571428571425,Minor,"[1020, 1121, 1222, 1323, 2021, 2122, 2223, 2030, 2131, 2232, 2333, 3031, 3132, 3233, 3040, 3141, 3242, 3343, 4041, 4142, 4243]","[1, 1, 1, 1, 1, 5, 5, 5, 5, 5, 5, 1, 5, 5, 5, 5, 5, 5, 1, 5, 5]","[0.36088057208735125, 0.5082973062225624, 0.5065473669962317, 0.3645020102597729, 0.03679716845907743, 0.006970324149715327, 0.03797404194740676, 0.032649749074226575, 0.1576344863205324, 0.15809006362361508, 0.032196607682128585, 0.005418141696197621, 0.002335705098329454, 0.005264337313040324, 0.0025594620605121216, 0.007946911578493749, 0.008179025546305027, 0.0025513607891159105, 0.0002047734448074154, 0.00014980291981441657, 0.00028171538106077916]","[1, 1, 1, 1, 1, 5, 5, 5, 5, 5, 5, 1, 1, 5, 5, 5, 5, 5, 1, 1, 1]","[0.13017209320898912, 0.14262643173686806, 0.14553263682347498, 0.1239727495582657, 0.03734100260729397, 0.023957797138835585, 0.03733485569300698, 0.046807172278794794, 0.07760037280386352, 0.07791512244102934, 0.04533439944394453, 0.02322146367614886, 0.018945934001978013, 0.022377303745233317, 0.02401284207729454, 0.028066170517940896, 0.02915959236886578, 0.022243993699703896, 0.009905379177782973, 0.00987421796802264, 0.010406954175748082]","['Minor', 'Minor', 'Minor', 'Minor', 'No damage', 'No damage', 'No damage', 'No damage', 'No damage', 'No damage', 'No damage', 'No damage', 'No damage', 'No damage', 'No damage', 'No damage', 'No damage', 'No damage', 'No damage', 'No damage', 'No damage']"
12,0,SMART1_45O10EW,1,0.46715782076591006,0.18608885714285714,No damage,"[1020, 1121, 1222, 1323, 2021, 2122, 2223, 2030, 2131, 2232, 2333, 3031, 3132, 3233, 3040, 3141, 3242, 3343, 4041, 4142, 4243]","[1, 1, 1, 1, 1, 1, 1, 5, 5, 5, 5, 1, 1, 1, 5, 5, 5, 3, 1, 1, 1]","[0.05255831002036592, 0.0834430277091109, 0.083702582080563, 0.04985396070816078, 0.008928168480849449, 0.003776942793395841, 0.006802041812299518, 0.007952557273078595, 0.02949671655842246, 0.029769510272894952, 0.0046651266265013225, 0.0032854009975332916, 0.0022141594050453413, 0.002737035803107203, 0.001488662014892568, 0.0022117132807586105, 0.002398393601996551, -2.859104502090211e-06, 0.000440657851797659, 0.0005073366170990001, 0.0005489486674857998]","[1, 1, 1, 1, 1, 1, 5, 5, 5, 5, 5, 1, 1, 5, 5, 5, 5, 5, 5, 5, 1]","[0.05224374065737332, 0.05998913351883068, 0.059565685906082765, 0.05045523027660775, 0.024576455523906943, 0.019002288197197723, 0.0233846384931575, 0.03025117677903405, 0.04019406087045538, 0.04069139362666777, 0.02933559291087859, 0.017583756072875684, 0.01536243924412314, 0.01746983435937591, 0.018280722354496876, 0.019958322000711737, 0.01967930851158125, 0.018481238615105772, 0.008608033450505741, 0.008131717554274751, 0.008531251082959278]","['No damage', 'No damage', 'No damage', 'No damage', 'No damage', 'No damage', 'No damage', 'No damage', 'No damage', 'No damage', 'No damage', 'No damage', 'No damage', 'No damage', 'No damage', 'No damage', 'No damage', 'No damage', 'No damage', 'No damage', 'No damage']"
13,0,SMART1_45O12EW,1,1.3665123724223953,0.30672285714285713,Minor,"[1020, 1121, 1222, 1323, 2021, 2122, 2223, 2030, 2131, 2232, 2333, 3031, 3132, 3233, 3040, 3141, 3242, 3343, 4041, 4142, 4243]","[1, 1, 1, 1, 1, 5, 5, 5, 5, 5, 5, 5, 5, 5, 5, 5, 5, 5, 5, 5, 5]","[0.2791362042341581, 0.3805992319587847, 0.38086193588575334, 0.27794105875415337, 0.03377656099102594, 0.00659090276301443, 0.031417406883516276, 0.032129042273334935, 0.14883624544612262, 0.14896494168483876, 0.03081417248073964, 0.004734643171143886, 0.003473184516284894, 0.006328635920979566, 0.0009791414929985441, 0.007879684783577593, 0.00796909214509884, 0.003174946799916204, 0.0008224984286258406, 0.0007241760173074881, 0.0007349074275895271]","[1, 1, 1, 1, 1, 1, 5, 5, 5, 5, 5, 1, 1, 1, 5, 5, 5, 5, 5, 1, 1]","[0.12056710038300893, 0.14313837392531845, 0.139836766551682, 0.12921670085610848, 0.03953672747707062, 0.024571657377965576, 0.03302527102913393, 0.05071179037835684, 0.08467373460177749, 0.08482899481765845, 0.04220942596576669, 0.024314146860428022, 0.019484424730042874, 0.02228080987116915, 0.02434399219414617, 0.02921035673737631, 0.030569566834342747, 0.023233275099199435, 0.010158593397902515, 0.010137593352413578, 0.010607758968275188]","['Minor', 'Minor', 'Minor', 'Minor', 'No damage', 'No damage', 'No damage', 'No damage', 'No damage', 'No damage', 'No damage', 'No damage', 'No damage', 'No damage', 'No damage', 'No damage', 'No damage', 'No damage', 'No damage', 'No damage', 'No damage']"
14,0,SPITAK_GUK090,1,5.792089793035711,0.5138342857142857,Moderate,"[1020, 1121, 1222, 1323, 2021, 2122, 2223, 2030, 2131, 2232, 2333, 3031, 3132, 3233, 3040, 3141, 3242, 3343, 4041, 4142, 4243]","[1, 1, 1, 1, 1, 5, 5, 5, 5, 5, 5, 1, 5, 5, 5, 5, 5, 5, 1, 5, 5]","[5.4313174466900795, 4.528857895448906, 4.536019826295296, 5.737510510352148, 0.05683860104927975, 0.006961105692669894, 0.06144898923720893, 0.07005767323254991, 0.2567617558732662, 0.25577440601578383, 0.07078758984933968, 0.00688320856928451, 0.0020020713894568403, 0.00803139615388521, 0.00279814148653431, 0.016118943955126645, 0.01602021778918908, 0.0027186708555756375, 0.0002579284988842726, 0.00016562077414716912, 0.00044313780532618044]","[1, 1, 1, 1, 1, 5, 5, 5, 5, 5, 5, 1, 5, 5, 5, 5, 5, 5, 1, 5, 1]","[0.6879491639249168, 0.5847307497361764, 0.592778158031405, 0.6688772390885055, 0.04515552410487803, 0.026504351171564616, 0.04895097804985895, 0.06487355285763403, 0.11593692281552491, 0.11611000950578843, 0.06635045232932447, 0.026614276593584306, 0.021103409291160505, 0.026954094975594565, 0.02881063466208747, 0.03739967750262051, 0.03892817301928032, 0.027194933903945475, 0.011679853203952267, 0.01106300606159347, 0.011804899091359506]","['Severe', 'Severe', 'Severe', 'Severe', 'No damage', 'No damage', 'No damage', 'No damage', 'Minor', 'Minor', 'No damage', 'No damage', 'No damage', 'No damage', 'No damage', 'No damage', 'No damage', 'No damage', 'No damage', 'No damage', 'No damage']"
15,0,SUPERST_B-ICC090,1,6.048857795908778,0.6373171428571428,Moderate,"[1020, 1121, 1222, 1323, 2021, 2122, 2223, 2030, 2131, 2232, 2333, 3031, 3132, 3233, 3040, 3141, 3242, 3343, 4041, 4142, 4243]","[1, 1, 1, 1, 1, 1, 5, 5, 5, 5, 5, 1, 1, 5, 5, 5, 5, 5, 1, 1, 1]","[4.557369704060713, 4.3371558124586205, 4.327840158508982, 4.490810033089932, 0.0522424326862177, 0.006963694475720825, 0.05782888404383951, 0.06573914384058487, 0.23702576747556525, 0.23562263741390585, 0.06029037794794624, 0.009110548522480688, 0.003223511140149954, 0.006400839234898906, 0.003560804351683405, 0.016276955650731142, 0.01580393550729377, 0.001973099177710818, 0.0007555949253802197, 0.0006356687590558037, 0.000498235035815204]","[1, 1, 1, 1, 1, 5, 5, 5, 5, 5, 5, 1, 5, 5, 5, 5, 5, 5, 5, 5, 5]","[0.7323446201387638, 0.6847684616164118, 0.691711508744147, 0.7019006044367683, 0.04024270004243276, 0.027097964974218625, 0.050271307896983045, 0.05971412180506559, 0.11576407983061146, 0.11560188028302498, 0.06404440483933432, 0.026182017232567495, 0.02112909005970091, 0.02695522496226456, 0.026906502707789385, 0.038648154771789255, 0.03672124437112617, 0.02808392226049913, 0.011647770480612898, 0.011139035249247305, 0.011446263590586625]","['Severe', 'Severe', 'Severe', 'Severe', 'No damage', 'No damage', 'No damage', 'No damage', 'Minor', 'Minor', 'No damage', 'No damage', 'No damage', 'No damage', 'No damage', 'No damage', 'No damage', 'No damage', 'No damage', 'No damage', 'No damage']"
16,0,SUPERST_B-IVW360,1,15.495240272203093,0.9360714285714287,Moderate,"[1020, 1121, 1222, 1323, 2021, 2122, 2223, 2030, 2131, 2232, 2333, 3031, 3132, 3233, 3040, 3141, 3242, 3343, 4041, 4142, 4243]","[1, 1, 1, 1, 1, 1, 5, 5, 5, 5, 5, 1, 1, 5, 5, 5, 5, 5, 1, 1, 5]","[11.445819988368298, 11.341916931490186, 11.299955807697028, 11.91951292503773, 0.08689310916459118, 0.007248240490057201, 0.08048937996858792, 0.10578588958052319, 0.3867916090409476, 0.3871743097908446, 0.10591146195870985, 0.018957959138919095, 0.0048964078977725084, 0.014028029081634679, 0.009115705792606104, 0.04542718547960873, 0.04894803119133703, 0.003811256260614281, 0.00104591557284251, 0.00040498663967990765, 0.0005082539096479657]","[1, 1, 1, 1, 1, 5, 5, 5, 5, 5, 5, 1, 1, 5, 5, 5, 5, 5, 1, 1, 1]","[1.320808806255266, 1.290060370889147, 1.2927005109829752, 1.3200960130289028, 0.05622993229222677, 0.027391512174574556, 0.05236502289672339, 0.07479412483837661, 0.15338223241445204, 0.15299090758516926, 0.07627093583124873, 0.03317917802324394, 0.02436052756895327, 0.0304656092913093, 0.03622942196588358, 0.0569533470183461, 0.06222919243246503, 0.029205177470574963, 0.013703428440302687, 0.013019895619488686, 0.01372689000612843]","['Collapse', 'Collapse', 'Collapse', 'Collapse', 'No damage', 'No damage', 'No damage', 'No damage', 'Minor', 'Minor', 'No damage', 'No damage', 'No damage', 'No damage', 'No damage', 'No damage', 'No damage', 'No damage', 'No damage', 'No damage', 'No damage']"
17,0,SUPERST_B-WSM180,1,10.43886499501873,0.6171971428571429,Moderate,"[1020, 1121, 1222, 1323, 2021, 2122, 2223, 2030, 2131, 2232, 2333, 3031, 3132, 3233, 3040, 3141, 3242, 3343, 4041, 4142, 4243]","[1, 1, 1, 1, 1, 5, 5, 5, 5, 5, 5, 1, 1, 5, 5, 5, 5, 5, 1, 1, 5]","[9.505470984784662, 8.242361922922044, 8.186867101216508, 9.436981809628122, 0.04599874744766348, 0.0067912549633876, 0.05823920633830014, 0.05593388468757146, 0.22016916424607919, 0.21883481473538924, 0.06070218758845286, 0.005731348842303266, 0.0021471523297033907, 0.007267871438753868, 0.0035651815960009467, 0.013254510868165151, 0.013051882295950895, 0.0028311110992607445, 0.0006058238173790793, 0.00020915147538719129, 0.00023453983038049676]","[1, 1, 1, 1, 5, 5, 5, 5, 5, 5, 5, 5, 5, 5, 5, 5, 5, 5, 5, 5, 1]","[0.9578044534491061, 0.8524113871353491, 0.8585067289619726, 0.9195341202264661, 0.038179635651128134, 0.026945960093747657, 0.05036842660387638, 0.058214408533986205, 0.11960477272045031, 0.12019608576403716, 0.06884679600672673, 0.024055261038368254, 0.020856841219822446, 0.026514941434870157, 0.026381619932757127, 0.033821746787112736, 0.032711888813680104, 0.027082494898301737, 0.01127418424184633, 0.010599301065370062, 0.01109221627459058]","['Severe', 'Severe', 'Severe', 'Severe', 'No damage', 'No damage', 'No damage', 'No damage', 'Minor', 'Minor', 'No damage', 'No damage', 'No damage', 'No damage', 'No damage', 'No damage', 'No damage', 'No damage', 'No damage', 'No damage', 'No damage']"
18,0,TABAS_BOS-L1,1,0.4375921729391326,0.179064,No damage,"[1020, 1121, 1222, 1323, 2021, 2122, 2223, 2030, 2131, 2232, 2333, 3031, 3132, 3233, 3040, 3141, 3242, 3343, 4041, 4142, 4243]","[1, 1, 1, 1, 1, 1, 1, 5, 5, 5, 5, 1, 1, 1, 5, 5, 5, 3, 1, 1, 1]","[0.039256838258386696, 0.05920622613819538, 0.05886281049745362, 0.036323995363370866, 0.010369045502974749, 0.0062395266024206746, 0.0094376347388002, 0.008017388190192836, 0.019055829875668936, 0.01953497507375348, 0.0021361988315268337, 0.005284365538954191, 0.004238488122653166, 0.005139727297294742, 0.002868457860959223, 0.0023245817134910775, 0.002723505306811703, -8.750478495892778e-07, 0.0009866422010474656, 0.001101557416646498, 0.001233995451123998]","[1, 1, 1, 1, 1, 1, 1, 5, 5, 5, 5, 1, 1, 1, 5, 5, 5, 5, 5, 1, 1]","[0.04950033551901259, 0.05603980464509192, 0.05555039975841092, 0.04734077372558543, 0.02334476235600287, 0.018385008380973577, 0.021888645251299625, 0.028235354587507745, 0.03595637499810832, 0.036501534117033135, 0.025962125818920618, 0.016620601087823816, 0.014686488903203147, 0.01612499174812972, 0.017768116422881012, 0.017772512921659742, 0.018627360360522243, 0.016734544166399613, 0.008033980826264824, 0.007866950394691794, 0.008346042247457256]","['No damage', 'No damage', 'No damage', 'No damage', 'No damage', 'No damage', 'No damage', 'No damage', 'No damage', 'No damage', 'No damage', 'No damage', 'No damage', 'No damage', 'No damage', 'No damage', 'No damage', 'No damage', 'No damage', 'No damage', 'No damage']"
19,0,TABAS_DAY-TR,1,28.38147825487302,1.4005142857142856,Moderate,"[1020, 1121, 1222, 1323, 2021, 2122, 2223, 2030, 2131, 2232, 2333, 3031, 3132, 3233, 3040, 3141, 3242, 3343, 4041, 4142, 4243]","[1, 1, 1, 1, 1, 5, 5, 5, 1, 5, 5, 1, 5, 5, 5, 5, 5, 5, 1, 5, 5]","[21.350346445348816, 19.928085567244022, 20.455828418593377, 19.273279139174356, 0.08861650531002711, 0.010734956779851562, 0.09015173599977008, 0.15245568486639097, 1.0468925213757412, 1.04497257322853, 0.15681528382281495, 0.025790860806371878, 0.0065469544455798055, 0.028503823632832596, 0.017854588197994348, 0.10393474612878222, 0.11070608806640715, 0.013501289878938824, 0.000520593766973295, 0.0007986524776925975, 0.0015991270326042003]","[1, 1, 1, 1, 1, 5, 5, 5, 1, 5, 5, 1, 1, 5, 5, 5, 5, 5, 1, 1, 1]","[2.211304071734696, 2.1355624857998103, 2.1575944608536117, 2.1265795259393254, 0.055605901556001716, 0.027668005102118795, 0.055635536668765403, 0.09189294279429039, 0.2934369430638781, 0.27873140545211467, 0.08676020104384087, 0.03755512065341517, 0.02539912929865794, 0.034553882501016146, 0.04572976198274298, 0.07909091449116162, 0.08558216500352551, 0.036238218180147296, 0.015459939721801043, 0.014299404376784921, 0.014477908111985552]","['Collapse', 'Collapse', 'Collapse', 'Collapse', 'No damage', 'No damage', 'No damage', 'No damage', 'Moderate', 'Moderate', 'No damage', 'No damage', 'No damage', 'No damage', 'No damage', 'No damage', 'No damage', 'No damage', 'No damage', 'No damage', 'No damage']"
20,0,TRINIDAD_B-RDE270,1,2.3796584473111997,0.3072542857142857,Minor,"[1020, 1121, 1222, 1323, 2021, 2122, 2223, 2030, 2131, 2232, 2333, 3031, 3132, 3233, 3040, 3141, 3242, 3343, 4041, 4142, 4243]","[1, 1, 1, 1, 1, 1, 1, 5, 5, 5, 5, 1, 1, 1, 5, 5, 5, 5, 1, 1, 1]","[0.3186750877846948, 0.43790338517221, 0.43557480717847996, 0.3130430990537614, 0.08082833058898402, 0.027576818162048166, 0.053030907003491966, 0.0824154243284892, 0.2506737491372321, 0.2530662296671988, 0.055200482859226685, 0.033257569497650956, 0.018422152298528203, 0.026392828403797496, 0.016033951081570446, 0.0373912895177015, 0.039532886531230174, 0.003827672650479952, 0.0051216205543178125, 0.004776426140004179, 0.005416198112916938]","[1, 1, 1, 1, 1, 1, 5, 5, 5, 5, 5, 1, 1, 5, 5, 5, 5, 5, 5, 1, 1]","[0.11871112773930427, 0.14415007591000387, 0.14044754808722879, 0.12692058379466123, 0.04201495377312295, 0.0254051876425923, 0.03538429755830139, 0.061015786597334094, 0.1030422868653557, 0.1030555598296102, 0.04906853469158818, 0.027832316104270022, 0.021190175230460014, 0.026560593627011915, 0.029677281264337746, 0.04164662998789727, 0.04137375064741596, 0.029864917991193823, 0.012017297337030513, 0.011249570366940244, 0.01202075571832547]","['Minor', 'Minor', 'Minor', 'Minor', 'No damage', 'No damage', 'No damage', 'No damage', 'Minor', 'Minor', 'No damage', 'No damage', 'No damage', 'No damage', 'No damage', 'No damage', 'No damage', 'No damage', 'No damage', 'No damage', 'No damage']"
21,0,TRINIDAD_B-RDW270,1,2.9256107920588272,0.25915657142857146,Minor,"[1020, 1121, 1222, 1323, 2021, 2122, 2223, 2030, 2131, 2232, 2333, 3031, 3132, 3233, 3040, 3141, 3242, 3343, 4041, 4142, 4243]","[1, 1, 1, 1, 1, 1, 1, 5, 5, 5, 5, 1, 1, 1, 5, 5, 5, 5, 1, 1, 1]","[0.3322280590436049, 0.4729473912874211, 0.4723041266698491, 0.3238910368251045, 0.08685182665211141, 0.035883742861900415, 0.06187320232985857, 0.07455513162392174, 0.23339438533983992, 0.23555879317991482, 0.04926439972301592, 0.03855420507674061, 0.02430136083431103, 0.03201924673097471, 0.018946861680903912, 0.031404208762388995, 0.03340299250507907, 0.003931397435341648, 0.006692961286423244, 0.006134656197876089, 0.006972098892356452]","[1, 1, 1, 1, 1, 1, 5, 5, 5, 5, 5, 1, 1, 5, 5, 5, 5, 5, 5, 1, 1]","[0.1020727475027041, 0.11707433193672925, 0.11846007474867802, 0.09982552601549283, 0.03547504192490602, 0.023502999987723455, 0.034263680973076756, 0.048057002597307906, 0.07918889685963149, 0.07946334122150396, 0.04600040018408822, 0.0240351021989296, 0.01939586885399992, 0.02380453697532957, 0.025751686072206337, 0.032486650870330785, 0.03219379214241037, 0.02520105989581385, 0.010787824109652334, 0.010199534059726456, 0.010825362682835026]","['Minor', 'Minor', 'Minor', 'No damage', 'No damage', 'No damage', 'No damage', 'No damage', 'No damage', 'No damage', 'No damage', 'No damage', 'No damage', 'No damage', 'No damage', 'No damage', 'No damage', 'No damage', 'No damage', 'No damage', 'No damage']"
22,0,VICT_CHI102,1,0.3763243462041059,0.18210057142857144,No damage,"[1020, 1121, 1222, 1323, 2021, 2122, 2223, 2030, 2131, 2232, 2333, 3031, 3132, 3233, 3040, 3141, 3242, 3343, 4041, 4142, 4243]","[1, 1, 1, 1, 1, 5, 5, 5, 5, 5, 5, 5, 5, 5, 5, 5, 5, 5, 5, 5, 5]","[0.03840608165826005, 0.06372983396073204, 0.06373936038265829, 0.03824189530954, 0.0043087950857074835, 0.0023592217682715834, 0.005387196162963733, 0.004511404319012654, 0.02484605308330623, 0.024864407153826984, 0.005325520067914605, 0.001709382783640901, 0.0013361303170873924, 0.0020622074818907286, 0.00021414034070405832, 0.0020214051013164765, 0.0019485133592704864, 0.0010563393438499562, 0.00031372204631931015, 0.00028937238404150257, 0.0002666627101296031]","[1, 1, 1, 1, 1, 1, 5, 5, 5, 5, 5, 1, 1, 5, 5, 5, 5, 5, 5, 1, 1]","[0.04799091120881572, 0.0549942914559383, 0.054591341184717694, 0.04612045411929958, 0.02386317249666083, 0.018655917676967178, 0.022705822416230845, 0.029743584745101942, 0.03937083022009165, 0.0398699821812649, 0.028905555695403488, 0.01770063168549904, 0.015423210292990408, 0.017478477385728986, 0.018881914562461355, 0.0202653036898082, 0.020523465810664915, 0.018793994863446274, 0.008700464731201148, 0.00823056956403408, 0.008730998910796551]","['No damage', 'No damage', 'No damage', 'No damage', 'No damage', 'No damage', 'No damage', 'No damage', 'No damage', 'No damage', 'No damage', 'No damage', 'No damage', 'No damage', 'No damage', 'No damage', 'No damage', 'No damage', 'No damage', 'No damage', 'No damage']"
23,0,WESTMORL_PTS315,1,1.7686564219890364,0.31254,Minor,"[1020, 1121, 1222, 1323, 2021, 2122, 2223, 2030, 2131, 2232, 2333, 3031, 3132, 3233, 3040, 3141, 3242, 3343, 4041, 4142, 4243]","[1, 1, 1, 1, 1, 1, 5, 5, 5, 5, 5, 1, 1, 5, 5, 5, 5, 5, 1, 1, 1]","[0.3497591449273666, 0.47000129640824306, 0.47243964219949247, 0.3510219530476177, 0.040263237525757646, 0.00609509561036862, 0.03752877762780614, 0.03844552250389756, 0.17197609402931632, 0.17236017786922625, 0.03612923804812111, 0.007632589626038026, 0.0027611009356462842, 0.005298143892069212, 0.003759852306168218, 0.010821303372133318, 0.011077440212158507, 0.0013724088678004499, 0.0008140978007457125, 0.0007049600073329527, 0.0008559411882619976]","[1, 1, 1, 1, 1, 1, 5, 5, 5, 5, 5, 1, 1, 5, 5, 5, 5, 5, 5, 5, 1]","[0.12693436240398198, 0.1508190739368287, 0.14759395469867542, 0.13670500260147733, 0.040068088945109145, 0.02477376999457143, 0.037700117071269454, 0.05015273105158099, 0.08488041499412392, 0.08493322177870251, 0.04881009249968261, 0.024253608199942468, 0.01953917457519773, 0.024333155400883495, 0.02425873784057499, 0.03200879802695254, 0.030745192725652522, 0.025224002377855388, 0.010848572239927025, 0.010268052822411377, 0.010617002011804455]","['Minor', 'Minor', 'Minor', 'Minor', 'No damage', 'No damage', 'No damage', 'No damage', 'No damage', 'No damage', 'No damage', 'No damage', 'No damage', 'No damage', 'No damage', 'No damage', 'No damage', 'No damage', 'No damage', 'No damage', 'No damage']"
24,0,WESTMORL_WLF225,1,0.6933351120891524,0.211524,Minor,"[1020, 1121, 1222, 1323, 2021, 2122, 2223, 2030, 2131, 2232, 2333, 3031, 3132, 3233, 3040, 3141, 3242, 3343, 4041, 4142, 4243]","[1, 1, 1, 1, 1, 5, 5, 5, 5, 5, 5, 5, 5, 5, 5, 5, 5, 5, 5, 5, 5]","[0.06545055824508837, 0.09623593931190144, 0.09545706165395489, 0.06737241118790802, 0.0072497036008625166, 0.002753686999608645, 0.005482470242049387, 0.006177606360519566, 0.028481205267927943, 0.028500899502193533, 0.0048053590657038125, 0.0021577738328494465, 0.001724779355048374, 0.0023379638642437896, 0.00043096092031040664, 0.0027850477434865355, 0.0026907955210860664, 0.0016348149483519266, 0.00044055984212625055, 0.0003920753777196075, 0.00038196436899772446]","[1, 1, 1, 1, 1, 1, 1, 5, 5, 5, 5, 1, 1, 1, 5, 5, 5, 5, 5, 1, 1]","[0.06335572141153627, 0.07368890365645982, 0.07267889761238219, 0.06343032996345203, 0.027723842261668023, 0.020362503526688596, 0.02504529089759955, 0.03443063457937123, 0.0476756786705802, 0.0481579433157984, 0.02621087694480162, 0.018714710800402795, 0.016161639708229293, 0.017872743159680283, 0.020704122285535254, 0.022263759316350235, 0.023139071435037347, 0.01984153380363985, 0.009002172369057948, 0.00872378666411162, 0.009323628856293682]","['No damage', 'No damage', 'No damage', 'No damage', 'No damage', 'No damage', 'No damage', 'No damage', 'No damage', 'No damage', 'No damage', 'No damage', 'No damage', 'No damage', 'No damage', 'No damage', 'No damage', 'No damage', 'No damage', 'No damage', 'No damage']"
25,0,WESTMORL_WSM090,1,14.367359891966633,1.0845142857142858,Moderate,"[1020, 1121, 1222, 1323, 2021, 2122, 2223, 2030, 2131, 2232, 2333, 3031, 3132, 3233, 3040, 3141, 3242, 3343, 4041, 4142, 4243]","[1, 1, 1, 1, 1, 5, 5, 5, 5, 5, 5, 1, 5, 5, 5, 5, 5, 5, 1, 3, 5]","[12.153433395496075, 11.088537767639961, 11.370962876005741, 10.891630427019027, 0.055606776214272194, 0.005523794618225714, 0.05823779010554953, 0.043449866996163336, 0.2016895402620588, 0.20190000049743698, 0.050461496961352464, 0.005426184324757133, 0.001438341998246817, 0.005257054535306785, 0.0026925126670122013, 0.008595548625988988, 0.008987819787958738, 0.002350695085309159, 0.0005116049022008759, 0.00012947608936499983, 0.0005484411700568188]","[1, 1, 1, 1, 1, 5, 5, 5, 5, 5, 5, 1, 1, 5, 5, 5, 5, 5, 1, 1, 1]","[1.4929351162214806, 1.4379776600775152, 1.4474412597744815, 1.4545175686895488, 0.047628017150604544, 0.026290122997031262, 0.046397532106927486, 0.0508334673627071, 0.10354108617284716, 0.10345639025335002, 0.06194224569940721, 0.024344719838189994, 0.02028454147984581, 0.023983705990089813, 0.02679677778462944, 0.03288999762954824, 0.034077758457102286, 0.024512192396812075, 0.010997443928179987, 0.010575104458718636, 0.011092433232373708]","['Collapse', 'Collapse', 'Collapse', 'Collapse', 'No damage', 'No damage', 'No damage', 'No damage', 'Minor', 'Minor', 'No damage', 'No damage', 'No damage', 'No damage', 'No damage', 'No damage', 'No damage', 'No damage', 'No damage', 'No damage', 'No damage']"
26,0,WHITTIER_A-116270,1,1.722100226013401,0.3365142857142857,Minor,"[1020, 1121, 1222, 1323, 2021, 2122, 2223, 2030, 2131, 2232, 2333, 3031, 3132, 3233, 3040, 3141, 3242, 3343, 4041, 4142, 4243]","[1, 1, 1, 1, 1, 1, 5, 5, 5, 5, 5, 1, 1, 5, 5, 5, 5, 5, 1, 1, 5]","[0.28501785298159754, 0.3907146896756502, 0.36736229576815765, 0.40057684754156714, 0.02721843131171604, 0.004630626040422121, 0.015510289909582368, 0.0226853841572985, 0.09258428442550395, 0.09187295759643513, 0.01517355103941811, 0.005825502928530765, 0.0015751124313050685, 0.00494367174077015, 0.0035105423747087703, 0.027502453899186187, 0.02724799915038217, 0.00706450451845394, 0.00034530548466135024, 0.00016326977668861648, 0.0003757846841070801]","[1, 1, 1, 1, 1, 1, 1, 5, 5, 5, 1, 1, 1, 5, 5, 5, 5, 5, 5, 5, 5]","[0.14130780797540363, 0.16899358653029856, 0.16016404822209962, 0.17566473872811686, 0.03842168595503642, 0.02440692928744979, 0.03186540591010186, 0.047900965155370755, 0.07732837849943881, 0.0772311503397414, 0.03568460323085112, 0.025216265502121877, 0.020069771522930158, 0.024353561193444756, 0.028041980176629955, 0.04703204346023499, 0.04562691281569945, 0.034276133279328214, 0.012882199931569475, 0.011413079982112316, 0.01321103004910261]","['Minor', 'Minor', 'Minor', 'Minor', 'No damage', 'No damage', 'No damage', 'No damage', 'No damage', 'No damage', 'No damage', 'No damage', 'No damage', 'No damage', 'No damage', 'No damage', 'No damage', 'No damage', 'No damage', 'No damage', 'No damage']"
27,0,WHITTIER_A-ALH180,1,13.245121471940813,0.8570485714285715,Moderate,"[1020, 1121, 1222, 1323, 2021, 2122, 2223, 2030, 2131, 2232, 2333, 3031, 3132, 3233, 3040, 3141, 3242, 3343, 4041, 4142, 4243]","[1, 1, 1, 1, 1, 5, 5, 5, 5, 5, 5, 1, 5, 5, 5, 5, 5, 5, 1, 3, 5]","[11.00530661213469, 10.448457094629527, 10.719135243307093, 10.485099240734883, 0.06789321097182582, 0.006913004620888506, 0.07068953079340073, 0.10988377905390485, 0.3767147767471925, 0.3795430821624014, 0.1191683685705566, 0.00967217198147841, 0.002982283401553125, 0.016409470847206294, 0.004131860517788616, 0.035748061620641286, 0.032641266453786115, 0.006491716256852791, 0.0006244854729935174, 0.00013033921463100005, 0.0006663611937629922]","[1, 1, 1, 1, 1, 5, 5, 5, 5, 5, 5, 5, 5, 5, 5, 5, 5, 5, 5, 5, 5]","[1.2091372856194296, 1.1901961961901102, 1.19748896505462, 1.2147394463410848, 0.04900304886229429, 0.02714972837018646, 0.050804232700018576, 0.07925642617677743, 0.1568377850786179, 0.15882032001118465, 0.09027279316053508, 0.028666180007170493, 0.023324508629401886, 0.033284355600552665, 0.02916895354445486, 0.05383826732384762, 0.050581357152809356, 0.03380038218294255, 0.013173259299025245, 0.012334806270724287, 0.013101878647699329]","['Collapse', 'Collapse', 'Collapse', 'Collapse', 'No damage', 'No damage', 'No damage', 'No damage', 'Minor', 'Minor', 'No damage', 'No damage', 'No damage', 'No damage', 'No damage', 'No damage', 'No damage', 'No damage', 'No damage', 'No damage', 'No damage']"
28,0,WHITTIER_A-ALT000,1,6.850607839102839,0.4509371428571428,Minor,"[1020, 1121, 1222, 1323, 2021, 2122, 2223, 2030, 2131, 2232, 2333, 3031, 3132, 3233, 3040, 3141, 3242, 3343, 4041, 4142, 4243]","[1, 1, 1, 1, 1, 5, 5, 5, 5, 5, 5, 1, 5, 5, 5, 5, 5, 5, 1, 5, 5]","[7.086412844068252, 6.794271365570897, 6.767507298054349, 7.445221325568228, 0.05409133363344688, 0.006836727899490217, 0.052458538560249506, 0.06092753429806787, 0.24900041701418124, 0.24796254352594926, 0.06715143651461929, 0.010163968844356358, 0.002390213836715241, 0.010609273162728892, 0.004880998188353199, 0.026064336014658553, 0.026726879552936702, 0.003675915711599435, 0.0004176429978629866, 0.00010033465579437572, 0.0004551715258776164]","[1, 1, 1, 1, 1, 1, 5, 5, 5, 5, 5, 1, 1, 5, 5, 5, 5, 5, 1, 1, 1]","[0.6988034749177883, 0.6738915515197744, 0.6655532390132433, 0.7265779257544785, 0.04457125539397662, 0.025814551891654245, 0.043945340490331844, 0.05650295645658439, 0.11129948431269102, 0.11166854487338658, 0.06528877802368356, 0.028261204034864, 0.021692722397005374, 0.02849243437338896, 0.03111131616729305, 0.04295246682524802, 0.04504896949550602, 0.028101983560472464, 0.012356787100862892, 0.011679893328349402, 0.012361299171782695]","['Severe', 'Severe', 'Severe', 'Severe', 'No damage', 'No damage', 'No damage', 'No damage', 'Minor', 'Minor', 'No damage', 'No damage', 'No damage', 'No damage', 'No damage', 'No damage', 'No damage', 'No damage', 'No damage', 'No damage', 'No damage']"
29,0,WHITTIER_A-BIR180,1,21.885857901956612,1.5622142857142858,Severe,"[1020, 1121, 1222, 1323, 2021, 2122, 2223, 2030, 2131, 2232, 2333, 3031, 3132, 3233, 3040, 3141, 3242, 3343, 4041, 4142, 4243]","[1, 1, 1, 1, 1, 5, 5, 5, 5, 1, 5, 1, 5, 5, 5, 5, 5, 5, 1, 3, 5]","[14.8114897107094, 15.955351686957453, 15.508610217510817, 16.075454153146982, 0.0836492046611545, 0.005972204052400418, 0.09297246933041135, 0.13827713009743026, 1.1133231482025647, 1.1148000444880797, 0.1431756587464491, 0.013661251361673201, 0.004232431142019151, 0.023573733747780216, 0.004349751307223196, 0.056062065377684905, 0.04920889035159753, 0.012894535580219645, 0.0008584695741637445, 0.0003264501283724999, 0.0015943805815512705]","[1, 1, 1, 1, 1, 1, 5, 5, 5, 1, 5, 5, 5, 5, 5, 5, 5, 5, 5, 5, 5]","[2.1004383021952107, 2.107554604276852, 2.095768594120589, 2.1206827010895593, 0.05123170078011227, 0.02724222584787148, 0.05985386090349995, 0.09192432234600097, 0.3030394113108323, 0.3118397602735279, 0.09617424399765215, 0.03018189158319538, 0.02490171314276871, 0.035403294272397134, 0.027512905563408126, 0.07004117038563253, 0.06351970332915181, 0.03926869646468146, 0.014152706617359064, 0.01367490008574501, 0.014337147297981105]","['Collapse', 'Collapse', 'Collapse', 'Collapse', 'No damage', 'No damage', 'No damage', 'No damage', 'Moderate', 'Moderate', 'No damage', 'No damage', 'No damage', 'No damage', 'No damage', 'No damage', 'No damage', 'No damage', 'No damage', 'No damage', 'No damage']"
30,0,WHITTIER_A-BRG180,1,2.709129258274432,0.3844314285714286,Minor,"[1020, 1121, 1222, 1323, 2021, 2122, 2223, 2030, 2131, 2232, 2333, 3031, 3132, 3233, 3040, 3141, 3242, 3343, 4041, 4142, 4243]","[1, 1, 1, 1, 1, 1, 5, 5, 5, 5, 5, 1, 1, 1, 5, 5, 5, 5, 1, 1, 1]","[1.168762282516355, 1.7754616872775775, 1.6065339516471984, 1.7932425461054526, 0.05341402589422452, 0.009180415177990457, 0.03939218190593668, 0.05856371930655958, 0.21927057681205367, 0.2209320741808751, 0.050966304617688786, 0.010923187575707208, 0.0031150516427932676, 0.006559116403780797, 0.004278696833856169, 0.017494674056194558, 0.018878953499511714, 0.0022770622783344734, 0.0004470876808077046, 0.0002842630564376513, 0.00029555615176252007]","[1, 1, 1, 1, 1, 1, 1, 5, 5, 5, 5, 1, 1, 1, 5, 5, 5, 5, 1, 1, 1]","[0.2725109915338686, 0.3361623775236509, 0.3180916000944599, 0.3387980595883657, 0.04550929562960395, 0.026203397200598416, 0.035854833607219014, 0.06212507394751728, 0.10735636178344707, 0.10727149962383688, 0.049488419420053935, 0.02832837513919552, 0.021425604516734923, 0.025231720244803316, 0.029528949067974538, 0.03979959583759242, 0.04191380695343651, 0.02492082879871733, 0.011896620549247203, 0.01138650830099275, 0.012105663827357309]","['Moderate', 'Moderate', 'Moderate', 'Moderate', 'No damage', 'No damage', 'No damage', 'No damage', 'Minor', 'Minor', 'No damage', 'No damage', 'No damage', 'No damage', 'No damage', 'No damage', 'No damage', 'No damage', 'No damage', 'No damage', 'No damage']"
31,0,WHITTIER_A-BUE250,1,2.274446492058864,0.29414771428571435,Minor,"[1020, 1121, 1222, 1323, 2021, 2122, 2223, 2030, 2131, 2232, 2333, 3031, 3132, 3233, 3040, 3141, 3242, 3343, 4041, 4142, 4243]","[1, 1, 1, 1, 1, 5, 5, 5, 5, 5, 5, 1, 5, 5, 5, 5, 5, 5, 5, 5, 5]","[0.3407797357635493, 0.5005360884133186, 0.5033965511893607, 0.3321696508340343, 0.04413389522261126, 0.009672006945772242, 0.04467541570091162, 0.05479693431599689, 0.2310503430991054, 0.23203612931747034, 0.051670250074014754, 0.008108301407677498, 0.004812348104765369, 0.011713841390456097, 0.0035419849473862933, 0.02488787802139919, 0.024435751152552414, 0.006553379283441376, 0.0009685752467694046, 0.0008410534661175901, 0.0009786279581741196]","[1, 1, 1, 1, 1, 1, 5, 5, 5, 5, 5, 1, 1, 5, 5, 5, 5, 5, 5, 5, 5]","[0.11318885642884507, 0.13826984627703032, 0.1353248819337427, 0.1190312389261759, 0.03973678533765631, 0.024656592663715532, 0.03616848952036928, 0.05647584673395046, 0.09506328261861817, 0.09519317462783246, 0.048141747673291164, 0.02614854339952003, 0.02029728086917984, 0.025394175941059575, 0.02758054961460148, 0.03873462447421018, 0.03725952556919096, 0.02893560026224006, 0.011794834349653359, 0.010903907828343998, 0.011675764194310679]","['Minor', 'Minor', 'Minor', 'Minor', 'No damage', 'No damage', 'No damage', 'No damage', 'No damage', 'No damage', 'No damage', 'No damage', 'No damage', 'No damage', 'No damage', 'No damage', 'No damage', 'No damage', 'No damage', 'No damage', 'No damage']"
32,0,WHITTIER_A-CAM009,1,6.816214216634271,0.5906857142857144,Moderate,"[1020, 1121, 1222, 1323, 2021, 2122, 2223, 2030, 2131, 2232, 2333, 3031, 3132, 3233, 3040, 3141, 3242, 3343, 4041, 4142, 4243]","[1, 1, 1, 1, 1, 5, 5, 5, 5, 5, 5, 1, 1, 5, 5, 5, 5, 5, 1, 1, 5]","[6.842446247720328, 5.658875952431948, 5.6067378654076645, 6.621246105445535, 0.0572780305900871, 0.006674570057378007, 0.06652395600212753, 0.08057824467790968, 0.29565535502824924, 0.2930289430237639, 0.08084830395165778, 0.01059346757592865, 0.002111169415473833, 0.010458351567673135, 0.0036003894636217554, 0.023713335242979187, 0.02384130737675001, 0.002589691972125783, 0.0004867325682203089, 0.00011158952512798064, 0.0002708463547500846]","[1, 1, 1, 1, 1, 5, 5, 5, 5, 5, 5, 1, 5, 5, 5, 5, 5, 5, 5, 5, 1]","[0.8358126971478819, 0.6956404819787727, 0.704341554588314, 0.7745435743384388, 0.041575980909181576, 0.02745435896315502, 0.05314509081462866, 0.06392186462262342, 0.1343264302975291, 0.13438049907827512, 0.07429263053085258, 0.02816803072956238, 0.022336287635372057, 0.02945462545473695, 0.029022227512240692, 0.04191449761187575, 0.042575487128645145, 0.02798016912111073, 0.01186093055594019, 0.011686287177822172, 0.012127821929792495]","['Severe', 'Severe', 'Severe', 'Severe', 'No damage', 'No damage', 'No damage', 'No damage', 'Minor', 'Minor', 'No damage', 'No damage', 'No damage', 'No damage', 'No damage', 'No damage', 'No damage', 'No damage', 'No damage', 'No damage', 'No damage']"
33,0,WHITTIER_A-CAS000,1,5.5140880613329575,0.5613657142857142,Moderate,"[1020, 1121, 1222, 1323, 2021, 2122, 2223, 2030, 2131, 2232, 2333, 3031, 3132, 3233, 3040, 3141, 3242, 3343, 4041, 4142, 4243]","[1, 1, 1, 1, 1, 5, 5, 5, 5, 5, 5, 1, 1, 5, 5, 5, 5, 5, 1, 1, 5]","[5.771030484099466, 4.139961712521133, 4.188082166457196, 5.611121341427908, 0.04269970843706293, 0.00651461249188124, 0.059851579650304146, 0.046898100631251376, 0.21190911295206052, 0.20874211452547875, 0.05798244849572434, 0.005640502480328435, 0.002225165910848256, 0.010272645118945673, 0.0030067766814093014, 0.021558102272925077, 0.018382536783932348, 0.0036949281086384395, 0.0005677369730696364, 0.0002748046576174334, 0.0001926330305842541]","[1, 1, 1, 1, 5, 5, 5, 5, 5, 5, 5, 5, 5, 5, 5, 5, 5, 5, 5, 5, 5]","[0.7483476153111199, 0.5949866642708697, 0.6064256375060997, 0.6951488976019522, 0.039623658837767, 0.02723398349989184, 0.05194672356712213, 0.05659952170004852, 0.12306296716072751, 0.12336480457067946, 0.06848486366063511, 0.026473145555536922, 0.022431875307962756, 0.029680426611785438, 0.02473178673666105, 0.04588352743576818, 0.04276005429806818, 0.03026811505007714, 0.012346060176449963, 0.011928163819787521, 0.012127616807387973]","['Severe', 'Severe', 'Severe', 'Severe', 'No damage', 'No damage', 'No damage', 'No damage', 'Minor', 'Minor', 'No damage', 'No damage', 'No damage', 'No damage', 'No damage', 'No damage', 'No damage', 'No damage', 'No damage', 'No damage', 'No damage']"
34,0,WHITTIER_A-CCB360,1,1.5290075752385084,0.26333942857142856,Minor,"[1020, 1121, 1222, 1323, 2021, 2122, 2223, 2030, 2131, 2232, 2333, 3031, 3132, 3233, 3040, 3141, 3242, 3343, 4041, 4142, 4243]","[1, 1, 1, 1, 1, 5, 5, 5, 5, 5, 5, 5, 5, 5, 5, 5, 5, 5, 5, 5, 5]","[0.2552843402017512, 0.36158511385755987, 0.3632287468995229, 0.2542752795940543, 0.020935024171271775, 0.007913605504107848, 0.028984209229126888, 0.01716869939347771, 0.10341020057616374, 0.10315656458031393, 0.021963254410837914, 0.004827653153584386, 0.003683339882342037, 0.0059803799248927605, 0.0013201736414650929, 0.006665944196497624, 0.0064302892458219215, 0.0032020708477449086, 0.0007321550038817425, 0.0006592948580741212, 0.0006453363209289404]","[1, 1, 1, 1, 1, 5, 5, 5, 5, 5, 5, 1, 5, 5, 5, 5, 5, 5, 5, 5, 1]","[0.10200705836238048, 0.11379426253610815, 0.11610383033465455, 0.09743931278695381, 0.031085088796601906, 0.022607743492579917, 0.03334536603476589, 0.037072182136953354, 0.06156060970390494, 0.061222635481573445, 0.03911222158836805, 0.020471347877881664, 0.017718512949153213, 0.020892894678905656, 0.021873626086997375, 0.025401472093720096, 0.025246191942807625, 0.021953509682599202, 0.00975338429105166, 0.009224318624830459, 0.00972458337815326]","['Minor', 'Minor', 'Minor', 'No damage', 'No damage', 'No damage', 'No damage', 'No damage', 'No damage', 'No damage', 'No damage', 'No damage', 'No damage', 'No damage', 'No damage', 'No damage', 'No damage', 'No damage', 'No damage', 'No damage', 'No damage']"
35,0,WHITTIER_A-DEL000,1,1.0581607260514105,0.32240285714285716,Minor,"[1020, 1121, 1222, 1323, 2021, 2122, 2223, 2030, 2131, 2232, 2333, 3031, 3132, 3233, 3040, 3141, 3242, 3343, 4041, 4142, 4243]","[1, 1, 1, 1, 1, 5, 5, 5, 5, 5, 5, 5, 5, 5, 5, 5, 5, 5, 5, 5, 5]","[0.2991793136437828, 0.3617165625257944, 0.3546339660135963, 0.30473542081531646, 0.023292922936948138, 0.0046668813824385855, 0.024793156387252553, 0.01873168024315678, 0.10453073718421264, 0.10443039663495526, 0.02240961990604069, 0.0032015343390559663, 0.001933179675762696, 0.005150857473970111, 0.0011223451494021648, 0.008662841240411764, 0.008491770807898499, 0.002041673684053705, 0.0003879331169766452, 0.0003579934426327586, 0.0003990502484182293]","[1, 1, 1, 1, 1, 1, 5, 5, 5, 5, 5, 1, 5, 5, 5, 5, 5, 5, 5, 1, 1]","[0.13733004646300023, 0.15635354805711316, 0.15159539355318205, 0.1479372586429289, 0.03613617902919379, 0.023417092507563953, 0.03456433390336524, 0.04284090991309285, 0.07384892262992768, 0.07371429280975832, 0.0457656987252472, 0.023215943134506388, 0.019284497375618808, 0.02389363651197439, 0.026074498068968697, 0.0316586958030274, 0.032639785481308185, 0.025264882971671863, 0.010847704798173647, 0.010275186404433723, 0.011046398199971875]","['Minor', 'Minor', 'Minor', 'Minor', 'No damage', 'No damage', 'No damage', 'No damage', 'No damage', 'No damage', 'No damage', 'No damage', 'No damage', 'No damage', 'No damage', 'No damage', 'No damage', 'No damage', 'No damage', 'No damage', 'No damage']"
36,0,WHITTIER_A-DWN180,1,2.161957792398973,0.3464714285714286,Minor,"[1020, 1121, 1222, 1323, 2021, 2122, 2223, 2030, 2131, 2232, 2333, 3031, 3132, 3233, 3040, 3141, 3242, 3343, 4041, 4142, 4243]","[1, 1, 1, 1, 1, 1, 5, 5, 5, 5, 5, 1, 1, 1, 5, 5, 5, 5, 1, 1, 5]","[0.48632018236331126, 0.7703114544714132, 0.6654484208741177, 0.9140592265604367, 0.042022091151485974, 0.0073201076684756205, 0.032959179663707955, 0.03379791412853671, 0.13805335850649106, 0.13909580105686684, 0.02406130730484042, 0.005687535083850628, 0.0021840453795121248, 0.003778745341471357, 0.0027241092140277957, 0.007083787864583902, 0.007585076772831141, 0.002104894248028025, 0.00027085722175011675, 0.00010320132328221461, 0.00018836022748393842]","[1, 1, 1, 1, 1, 1, 5, 5, 5, 5, 5, 1, 1, 1, 5, 5, 5, 5, 1, 1, 1]","[0.1564952651125832, 0.21019214622741766, 0.18594450125538087, 0.23704855085793644, 0.0410044914392614, 0.02502645686614041, 0.03373814396990355, 0.05058252272271695, 0.08315043796363274, 0.08331091025824543, 0.037432926296018354, 0.023764228891455623, 0.019234580073645993, 0.02189827513356407, 0.024100608564429596, 0.028320582355559256, 0.02957879710723943, 0.020833054273340985, 0.00992885327631966, 0.009949331120882416, 0.01046578279480917]","['Minor', 'Moderate', 'Minor', 'Moderate', 'No damage', 'No damage', 'No damage', 'No damage', 'No damage', 'No damage', 'No damage', 'No damage', 'No damage', 'No damage', 'No damage', 'No damage', 'No damage', 'No damage', 'No damage', 'No damage', 'No damage']"
37,0,WHITTIER_A-EJS048,1,31.965512243139425,1.55844,Severe,"[1020, 1121, 1222, 1323, 2021, 2122, 2223, 2030, 2131, 2232, 2333, 3031, 3132, 3233, 3040, 3141, 3242, 3343, 4041, 4142, 4243]","[1, 1, 1, 1, 1, 5, 5, 5, 5, 5, 5, 1, 1, 5, 5, 5, 5, 5, 1, 3, 5]","[21.688529921115002, 23.84188204507469, 23.292384872934505, 23.4680218996245, 0.09202890679828289, 0.005728980418105189, 0.0957991982915438, 0.13427139628518767, 0.5482255160766711, 0.5817028448099177, 0.11784360618397832, 0.017949718331803987, 0.0029235187197640773, 0.017234343126926722, 0.012560544447864757, 0.057023035332503094, 0.05161174173038569, 0.007197450877280835, 0.001161353726498705, 0.000309198261032, 0.0012483814608408152]","[1, 1, 1, 1, 1, 5, 5, 5, 5, 5, 5, 1, 1, 5, 5, 5, 5, 5, 1, 1, 1]","[2.3529285576816426, 2.4740373732693115, 2.438572817047641, 2.4687548632513074, 0.05476110409669587, 0.026850875634147703, 0.060285065412231956, 0.08389423926998006, 0.18031367726214298, 0.18934598410332146, 0.08249437907274809, 0.03245650815040659, 0.02424694851921977, 0.031966890283598226, 0.039558370502685326, 0.0584704258205037, 0.05813887854426708, 0.032942776040970845, 0.014303926618394157, 0.013243562431769926, 0.012866896256439794]","['Collapse', 'Collapse', 'Collapse', 'Collapse', 'No damage', 'No damage', 'No damage', 'No damage', 'Minor', 'Minor', 'No damage', 'No damage', 'No damage', 'No damage', 'No damage', 'No damage', 'No damage', 'No damage', 'No damage', 'No damage', 'No damage']"
38,0,WHITTIER_A-FAI270,1,5.031542673390806,0.44787714285714286,Minor,"[1020, 1121, 1222, 1323, 2021, 2122, 2223, 2030, 2131, 2232, 2333, 3031, 3132, 3233, 3040, 3141, 3242, 3343, 4041, 4142, 4243]","[1, 1, 1, 1, 1, 5, 5, 5, 5, 5, 5, 1, 5, 5, 5, 5, 5, 5, 1, 5, 5]","[4.161947710019605, 4.1278908335804685, 4.053123449489504, 4.502425472681234, 0.06839810385864957, 0.00748282138784058, 0.06398010888502498, 0.11487731341844656, 0.38702548342182325, 0.3735710620787451, 0.10975468710664621, 0.015379422890226282, 0.0030009222276603537, 0.013917428867957535, 0.00466387253284575, 0.036788475760885224, 0.03897287872061002, 0.004763721498428823, 0.0002784832954060445, 0.00023818857767405363, 0.0005734677586025159]","[1, 1, 1, 1, 1, 1, 5, 5, 5, 5, 5, 1, 1, 5, 5, 5, 5, 5, 1, 1, 1]","[0.525058748808927, 0.5336568196613461, 0.5228222268982207, 0.5746094345880173, 0.05083307744767693, 0.026972293499793642, 0.046609447906250864, 0.08794785013773632, 0.1588869219333949, 0.1543622222497806, 0.07888335109231195, 0.03265475261459826, 0.02329983031250379, 0.02928039829482885, 0.03192621301175885, 0.047968646025449195, 0.051845368915713036, 0.030343023539562683, 0.012603262243501969, 0.012311252537379516, 0.012931364726460996]","['Severe', 'Severe', 'Severe', 'Severe', 'No damage', 'No damage', 'No damage', 'No damage', 'Minor', 'Minor', 'No damage', 'No damage', 'No damage', 'No damage', 'No damage', 'No damage', 'No damage', 'No damage', 'No damage', 'No damage', 'No damage']"
39,0,WHITTIER_A-FLE234,1,1.2206635021724996,0.3186085714285714,Minor,"[1020, 1121, 1222, 1323, 2021, 2122, 2223, 2030, 2131, 2232, 2333, 3031, 3132, 3233, 3040, 3141, 3242, 3343, 4041, 4142, 4243]","[1, 1, 1, 1, 1, 5, 5, 5, 5, 5, 5, 5, 5, 5, 5, 5, 5, 5, 5, 5, 5]","[0.30673268541271365, 0.3677586240145069, 0.37779023996075, 0.29131403162613556, 0.03046519982600524, 0.005940261437771344, 0.03542805098098516, 0.02632079623520527, 0.13312139839403755, 0.13331296664391257, 0.028250638272117105, 0.003450447077287991, 0.0020672711999009355, 0.005458198078822162, 0.0009040993385653416, 0.006606743665240779, 0.00626699380015705, 0.0021145110504407743, 0.00041713439894569353, 0.0003911397254980683, 0.00041633552359985975]","[1, 1, 1, 1, 1, 5, 5, 5, 5, 5, 5, 1, 5, 5, 5, 5, 5, 5, 5, 5, 1]","[0.1438889060912077, 0.14858386065464213, 0.15443181488022165, 0.12976018479310972, 0.03739714544297071, 0.024721527305933837, 0.03999444974831491, 0.047628876445070835, 0.0810781262909058, 0.0810979824038226, 0.04830588752063046, 0.023554948338489725, 0.019414732238246, 0.02395546186925624, 0.023532733058779048, 0.03018213034845308, 0.02894882680796812, 0.024105362409660748, 0.010579728255066269, 0.010109779065220077, 0.010363098687501139]","['Minor', 'Minor', 'Minor', 'Minor', 'No damage', 'No damage', 'No damage', 'No damage', 'No damage', 'No damage', 'No damage', 'No damage', 'No damage', 'No damage', 'No damage', 'No damage', 'No damage', 'No damage', 'No damage', 'No damage', 'No damage']"
40,0,WHITTIER_A-GRN180,1,24.829366875549983,1.2630685714285714,Moderate,"[1020, 1121, 1222, 1323, 2021, 2122, 2223, 2030, 2131, 2232, 2333, 3031, 3132, 3233, 3040, 3141, 3242, 3343, 4041, 4142, 4243]","[1, 1, 1, 1, 1, 5, 5, 5, 5, 5, 5, 1, 5, 5, 5, 5, 5, 5, 1, 3, 5]","[18.501888775174095, 18.728038490372835, 18.83897503216224, 17.838868191389235, 0.06261020017614641, 0.005707930588418516, 0.057902515053661875, 0.07664322543767353, 0.27058751075158616, 0.2750067336356629, 0.07237036673901791, 0.012409347321472194, 0.0024633129888905446, 0.011072017780297568, 0.004675334263320695, 0.027304121650115556, 0.030242710644083008, 0.005765786860420648, 0.0005472498297191295, 0.0002101844073550002, 0.0011545663230502104]","[1, 1, 1, 1, 1, 1, 5, 5, 5, 5, 5, 1, 1, 1, 5, 5, 5, 5, 1, 1, 1]","[1.9378240383512613, 1.9597808617785617, 1.9559792533834741, 1.9350061363648177, 0.05340042923942032, 0.02750181433854266, 0.04224168122747142, 0.07788334947726816, 0.14105638334391643, 0.14014503677300116, 0.06883026300742955, 0.031299515951262055, 0.023172038092790052, 0.027269651814891455, 0.03172386051231908, 0.04571560406272643, 0.04877051573306237, 0.03047976838077551, 0.012547212782178366, 0.012186775425228806, 0.012654523359043953]","['Collapse', 'Collapse', 'Collapse', 'Collapse', 'No damage', 'No damage', 'No damage', 'No damage', 'Minor', 'Minor', 'No damage', 'No damage', 'No damage', 'No damage', 'No damage', 'No damage', 'No damage', 'No damage', 'No damage', 'No damage', 'No damage']"
41,0,WHITTIER_A-GRV330,1,6.619098749023295,0.41123142857142864,Minor,"[1020, 1121, 1222, 1323, 2021, 2122, 2223, 2030, 2131, 2232, 2333, 3031, 3132, 3233, 3040, 3141, 3242, 3343, 4041, 4142, 4243]","[1, 1, 1, 1, 1, 5, 5, 5, 5, 5, 5, 1, 5, 5, 5, 5, 5, 5, 5, 5, 5]","[1.6673201427659128, 3.176074244449532, 2.9090709830323433, 2.720736121956979, 0.08675961632480486, 0.015508391182552943, 0.08798573829967712, 0.18864900806548238, 1.6075489955560793, 1.6642680741915423, 0.20086288542349512, 0.028799002292328683, 0.009264398414823667, 0.038812253180970514, 0.019953282014227913, 0.14432266086583848, 0.14344385714638522, 0.033523281672361294, 0.0018594511593212938, 0.0016058871735468473, 0.001959981976090015]","[1, 1, 1, 1, 1, 1, 5, 5, 5, 5, 5, 1, 1, 5, 5, 5, 5, 5, 5, 1, 5]","[0.2797251534697736, 0.41142373086450823, 0.3788361184456155, 0.37711563822127625, 0.053299002990122774, 0.027066457564562333, 0.04612766833527617, 0.09646548377674563, 0.29610962174579714, 0.29239958200151694, 0.08983446885893885, 0.03682169961079392, 0.024599028372925203, 0.03743597440811634, 0.042083377619162136, 0.08690750688420923, 0.08405712743300557, 0.05156205427753982, 0.01532470180113306, 0.013421789305106999, 0.016398280994701614]","['Moderate', 'Moderate', 'Moderate', 'Moderate', 'No damage', 'No damage', 'No damage', 'No damage', 'Moderate', 'Moderate', 'No damage', 'No damage', 'No damage', 'No damage', 'No damage', 'No damage', 'No damage', 'No damage', 'No damage', 'No damage', 'No damage']"
42,0,WHITTIER_A-ING090,1,1.066254306318908,0.2461397142857143,Minor,"[1020, 1121, 1222, 1323, 2021, 2122, 2223, 2030, 2131, 2232, 2333, 3031, 3132, 3233, 3040, 3141, 3242, 3343, 4041, 4142, 4243]","[1, 1, 1, 1, 1, 1, 5, 5, 5, 5, 5, 1, 1, 1, 5, 5, 5, 5, 1, 1, 1]","[0.1333616243103872, 0.20115601076580902, 0.19825977247299403, 0.1402571762542073, 0.010131355794217069, 0.0028223066676756284, 0.012215383682834605, 0.010177844910376281, 0.0570693978065986, 0.05694837844886372, 0.0110323332803593, 0.0029685784749122496, 0.0014969098003421843, 0.0022769642469537086, 0.0021184610920337863, 0.005098665443168044, 0.005176777486835168, 0.0015756159060032796, 0.00027828071504959603, 0.0001880921522296043, 0.00020823164840477922]","[1, 1, 1, 1, 1, 5, 5, 5, 5, 5, 5, 1, 5, 5, 5, 5, 5, 5, 5, 5, 1]","[0.08714988853749979, 0.09711172278903422, 0.0981146974286964, 0.08582703972380913, 0.025880454681414373, 0.02072773185614849, 0.028817146043991215, 0.03254198952184209, 0.05153290401765351, 0.05115562513990882, 0.035181586019887995, 0.019662411353840285, 0.016959489443874383, 0.019764368741366663, 0.022274527719648426, 0.025503054482289584, 0.025345641706304496, 0.02231151416097096, 0.009833580563096377, 0.009187211385053622, 0.009828631957491753]","['No damage', 'No damage', 'No damage', 'No damage', 'No damage', 'No damage', 'No damage', 'No damage', 'No damage', 'No damage', 'No damage', 'No damage', 'No damage', 'No damage', 'No damage', 'No damage', 'No damage', 'No damage', 'No damage', 'No damage', 'No damage']"
43,0,WHITTIER_A-JAB297,1,0.5599477592326,0.1566622857142857,No damage,"[1020, 1121, 1222, 1323, 2021, 2122, 2223, 2030, 2131, 2232, 2333, 3031, 3132, 3233, 3040, 3141, 3242, 3343, 4041, 4142, 4243]","[1, 1, 1, 1, 5, 5, 5, 5, 5, 5, 5, 5, 5, 5, 5, 5, 5, 5, 5, 5, 5]","[0.030764944278214232, 0.056628023307674316, 0.05648220683896247, 0.032635086317468316, 0.005178153052552606, 0.003343492186325332, 0.005478501353390424, 0.0029137882933686207, 0.015933871144395803, 0.015738344168630423, 0.0056779076351616544, 0.002638477013312471, 0.0020827787120940213, 0.003000865604505653, 6.673537274803302e-05, 0.00269710414443886, 0.002507425374234442, 0.001704459682165988, 0.0005611727041259418, 0.0005056013581319994, 0.0004567170304299005]","[1, 1, 1, 1, 1, 1, 5, 5, 5, 5, 5, 1, 5, 5, 5, 5, 5, 5, 5, 1, 1]","[0.04003918842220066, 0.04604745378084566, 0.045995979890443996, 0.04171666521505437, 0.02013615357784288, 0.01650539691881239, 0.01986816608124755, 0.024775801237812697, 0.03045096855383413, 0.030268556899718406, 0.024675883030937356, 0.015699599414620433, 0.01411720241554414, 0.015936191812811938, 0.01887324873293925, 0.01928936252166041, 0.019909254608303905, 0.018480340506421267, 0.008575891668061093, 0.008005054846728688, 0.008715272837345613]","['No damage', 'No damage', 'No damage', 'No damage', 'No damage', 'No damage', 'No damage', 'No damage', 'No damage', 'No damage', 'No damage', 'No damage', 'No damage', 'No damage', 'No damage', 'No damage', 'No damage', 'No damage', 'No damage', 'No damage', 'No damage']"
44,0,WHITTIER_A-LBR090,1,0.24353072792013866,0.19084142857142855,No damage,"[1020, 1121, 1222, 1323, 2021, 2122, 2223, 2030, 2131, 2232, 2333, 3031, 3132, 3233, 3040, 3141, 3242, 3343, 4041, 4142, 4243]","[1, 1, 1, 1, 5, 5, 5, 5, 5, 5, 5, 5, 5, 5, 5, 5, 5, 5, 5, 5, 5]","[0.021221104124682425, 0.034773738664118356, 0.03524492041963852, 0.02051804871525203, 0.003460376388244422, 0.001834578448168928, 0.004716225856791309, 0.0018728203043080986, 0.01948239254318601, 0.019345475441827353, 0.00461648816089052, 0.0015396379385050176, 0.001241295732811344, 0.0018094725990859821, 5.198135073007713e-05, 0.0018500830697674637, 0.0017376989531886027, 0.001023368880085476, 0.000311909654068539, 0.00028641116964150113, 0.00025997499143905526]","[1, 1, 1, 1, 5, 5, 5, 5, 5, 5, 5, 5, 5, 5, 5, 5, 5, 5, 5, 5, 1]","[0.03980797798108288, 0.047587887292632115, 0.0478514925291291, 0.041834690795560556, 0.022030525554852593, 0.018569257547836737, 0.023554466400349826, 0.025819973252221302, 0.042379785868983326, 0.041926010740494665, 0.031166060544505703, 0.017958460891706354, 0.01618976302348698, 0.018868424481077336, 0.01870087305134256, 0.023067907182769423, 0.022188992845974434, 0.02063162611338793, 0.009307670657011784, 0.008722692442036044, 0.008675323423867506]","['No damage', 'No damage', 'No damage', 'No damage', 'No damage', 'No damage', 'No damage', 'No damage', 'No damage', 'No damage', 'No damage', 'No damage', 'No damage', 'No damage', 'No damage', 'No damage', 'No damage', 'No damage', 'No damage', 'No damage', 'No damage']"
45,0,WHITTIER_A-NOR360,1,0.4249685893418194,0.1763262857142857,No damage,"[1020, 1121, 1222, 1323, 2021, 2122, 2223, 2030, 2131, 2232, 2333, 3031, 3132, 3233, 3040, 3141, 3242, 3343, 4041, 4142, 4243]","[1, 1, 1, 1, 1, 1, 1, 5, 5, 5, 5, 1, 1, 1, 5, 5, 5, 5, 1, 1, 1]","[0.03393542316477547, 0.054061398186377924, 0.05381666995234347, 0.03234629402569329, 0.00578072725656072, 0.003023956634716762, 0.004844108322587405, 0.004752086950009943, 0.015109249421968701, 0.015394806490145291, 0.002109152123513238, 0.0025591654106771507, 0.0018984428025308523, 0.002352945670385403, 0.0015156044664140767, 0.002292604564758269, 0.0024243260167084134, 6.581591179601401e-05, 0.0004186231202010028, 0.0004691872016984452, 0.0005217141472839519]","[1, 1, 1, 1, 1, 1, 1, 5, 5, 5, 5, 1, 1, 1, 5, 5, 5, 5, 5, 5, 1]","[0.04840056245184913, 0.0544293659380346, 0.054110785780199795, 0.04613740782671076, 0.022710455261323852, 0.018054666928562616, 0.02140252013563853, 0.02717384264126903, 0.034504106067026155, 0.03503185824649229, 0.025035962600672732, 0.016714233580762322, 0.01476417821299764, 0.016205398135205974, 0.01857128754189982, 0.021826630682184545, 0.02100067455243356, 0.020137613087689382, 0.009115854279685512, 0.00838694141448687, 0.008625163937267352]","['No damage', 'No damage', 'No damage', 'No damage', 'No damage', 'No damage', 'No damage', 'No damage', 'No damage', 'No damage', 'No damage', 'No damage', 'No damage', 'No damage', 'No damage', 'No damage', 'No damage', 'No damage', 'No damage', 'No damage', 'No damage']"
46,0,WHITTIER_A-OBR270,1,10.79685490430488,0.6854142857142858,Moderate,"[1020, 1121, 1222, 1323, 2021, 2122, 2223, 2030, 2131, 2232, 2333, 3031, 3132, 3233, 3040, 3141, 3242, 3343, 4041, 4142, 4243]","[1, 1, 1, 1, 1, 5, 5, 5, 5, 5, 5, 1, 5, 5, 5, 5, 5, 5, 1, 5, 5]","[9.485539562036232, 8.349928501458027, 8.317459294798407, 9.455590768427161, 0.04581835295703211, 0.006563795777723408, 0.05204573044548074, 0.05938800162145063, 0.20605659360862855, 0.20231477012345242, 0.05318212323841639, 0.005906185250862546, 0.0017917096663135922, 0.006284966095237046, 0.004684116342826597, 0.031373184499144634, 0.0308316186422526, 0.007339047599198554, 0.00037935525611931917, 0.00023658956565209628, 0.0006716210023465347]","[1, 1, 1, 1, 1, 5, 5, 5, 5, 5, 5, 1, 1, 5, 5, 5, 5, 5, 5, 5, 5]","[1.004469542066946, 0.9206339460514641, 0.9246747652095608, 0.9773215710308143, 0.041532454278570455, 0.025590373910058476, 0.04615731421794056, 0.06632819196013953, 0.10542495956236558, 0.10516925698068776, 0.05329201559130163, 0.025531110952623056, 0.02023119529335311, 0.02457907234657354, 0.031101045387869203, 0.047774371920044204, 0.04626768857742099, 0.034552021329441004, 0.01292193623093543, 0.011475487215158503, 0.013288942913655014]","['Collapse', 'Severe', 'Severe', 'Severe', 'No damage', 'No damage', 'No damage', 'No damage', 'Minor', 'Minor', 'No damage', 'No damage', 'No damage', 'No damage', 'No damage', 'No damage', 'No damage', 'No damage', 'No damage', 'No damage', 'No damage']"
47,0,WHITTIER_A-OR2010,1,4.227955233976354,0.43198571428571425,Minor,"[1020, 1121, 1222, 1323, 2021, 2122, 2223, 2030, 2131, 2232, 2333, 3031, 3132, 3233, 3040, 3141, 3242, 3343, 4041, 4142, 4243]","[1, 1, 1, 1, 1, 5, 5, 5, 5, 5, 5, 1, 5, 5, 5, 5, 5, 5, 5, 5, 5]","[3.24225164720342, 2.9652405056499176, 2.9269277652761407, 2.747221617394746, 0.05644624370389977, 0.011561903040747244, 0.07050693259809637, 0.09095744148140905, 0.3311956915129688, 0.3310944687033907, 0.09212729912667841, 0.0111305705787486, 0.004702608193232, 0.015044906789565717, 0.0033564054781511964, 0.027785247916989317, 0.027231408457418442, 0.005029854841089899, 0.0005841044843680691, 0.0006332505973913363, 0.00072244144892364]","[1, 1, 1, 1, 1, 5, 5, 5, 5, 5, 5, 1, 5, 5, 5, 5, 5, 5, 5, 5, 1]","[0.47991112525162666, 0.4397176707519419, 0.44776174437584093, 0.4068309276228773, 0.042076695074685214, 0.02685845986254503, 0.04919972095746844, 0.065503822702086, 0.12870884177518388, 0.12966128989064832, 0.07146339440431936, 0.028688628306625115, 0.022392545629591826, 0.02983382328894299, 0.028733512203304525, 0.04310831221740084, 0.04116699476102395, 0.029292421860458176, 0.011973785890678344, 0.01178456181156835, 0.011950219524844433]","['Moderate', 'Moderate', 'Moderate', 'Moderate', 'No damage', 'No damage', 'No damage', 'No damage', 'Minor', 'Minor', 'No damage', 'No damage', 'No damage', 'No damage', 'No damage', 'No damage', 'No damage', 'No damage', 'No damage', 'No damage', 'No damage']"
48,0,WHITTIER_A-PAS180,1,0.9515626346428674,0.23178714285714283,Minor,"[1020, 1121, 1222, 1323, 2021, 2122, 2223, 2030, 2131, 2232, 2333, 3031, 3132, 3233, 3040, 3141, 3242, 3343, 4041, 4142, 4243]","[1, 1, 1, 1, 1, 5, 5, 5, 5, 5, 5, 5, 5, 5, 5, 5, 5, 5, 5, 5, 5]","[0.13293260555219727, 0.2052419705516468, 0.20479184181581042, 0.1352250692846363, 0.01268886654303945, 0.005150683915554965, 0.01857176409982426, 0.01213054644278061, 0.07795809592954453, 0.0775020125190297, 0.016366928144618265, 0.0036058620392855267, 0.002736098168353256, 0.004576881790927852, 0.0009382419076512413, 0.005218094651448376, 0.005013462956723731, 0.0025131306462764917, 0.0005444578349855299, 0.000480573806804681, 0.0005064684817947867]","[1, 1, 1, 1, 1, 5, 5, 5, 5, 5, 5, 1, 5, 5, 5, 5, 5, 5, 5, 5, 1]","[0.07692534739082396, 0.08809449062805594, 0.08961643307157142, 0.07506434445621073, 0.028095387343255892, 0.021641002812437034, 0.030589020777228793, 0.034835479087765575, 0.057759442735682946, 0.05738416127160308, 0.03771128924965171, 0.01985208948640443, 0.017610448031081173, 0.0208392550798539, 0.021529732162215907, 0.025393988802398494, 0.024491835012922132, 0.02195104327938155, 0.009746143581010456, 0.009218134956170547, 0.009583029731252735]","['No damage', 'No damage', 'No damage', 'No damage', 'No damage', 'No damage', 'No damage', 'No damage', 'No damage', 'No damage', 'No damage', 'No damage', 'No damage', 'No damage', 'No damage', 'No damage', 'No damage', 'No damage', 'No damage', 'No damage', 'No damage']"
49,0,WHITTIER_A-SMA360,1,1.0214108998581795,0.21136028571428572,Minor,"[1020, 1121, 1222, 1323, 2021, 2122, 2223, 2030, 2131, 2232, 2333, 3031, 3132, 3233, 3040, 3141, 3242, 3343, 4041, 4142, 4243]","[1, 1, 1, 1, 1, 1, 5, 5, 5, 5, 5, 1, 1, 5, 5, 5, 5, 5, 1, 1, 5]","[0.08683236316745774, 0.11846423994294479, 0.11831608278309685, 0.08624914805387864, 0.00820124185425868, 0.0017314139291902254, 0.005574977426403017, 0.007509096012860958, 0.039982631798182386, 0.04001706212312174, 0.0065146820373133, 0.002383304164355271, 0.0010484837000360146, 0.0017836840335895593, 0.0021909649246095665, 0.008595943244123348, 0.008722272214454313, 0.0019032711463413386, 0.00025340785455916555, 0.00013209800715093027, 0.0001825012601268195]","[1, 1, 1, 1, 1, 1, 5, 5, 5, 5, 5, 1, 1, 5, 5, 5, 5, 5, 5, 1, 1]","[0.06812755497711978, 0.07604538865896883, 0.0754502474445429, 0.06640505158820074, 0.027003187746352738, 0.02005624266611428, 0.02475530976780007, 0.033550715002592865, 0.04761721423904991, 0.04799846390798495, 0.03258127235706943, 0.020877891871620886, 0.017569126485135648, 0.01984495149373188, 0.0259461782087088, 0.030477642956294723, 0.031585844791340294, 0.025348496930681103, 0.010798536860606195, 0.010024982435049325, 0.010995789958371579]","['No damage', 'No damage', 'No damage', 'No damage', 'No damage', 'No damage', 'No damage', 'No damage', 'No damage', 'No damage', 'No damage', 'No damage', 'No damage', 'No damage', 'No damage', 'No damage', 'No damage', 'No damage', 'No damage', 'No damage', 'No damage']"
50,0,WHITTIER_A-W70270,1,0.2801882730793671,0.13810857142857144,No damage,"[1020, 1121, 1222, 1323, 2021, 2122, 2223, 2030, 2131, 2232, 2333, 3031, 3132, 3233, 3040, 3141, 3242, 3343, 4041, 4142, 4243]","[1, 1, 1, 1, 5, 5, 5, 5, 5, 5, 5, 5, 5, 5, 3, 5, 5, 5, 5, 5, 5]","[0.013747746069203004, 0.02805387194963466, 0.027934351467894084, 0.014833278057661367, 0.003332900712122583, 0.0022317933337059094, 0.003545867093296513, 0.0017250712306800344, 0.009692380566552274, 0.009542361989617318, 0.0035816465292177755, 0.0017309613980132903, 0.001392655418901479, 0.0018361518029068212, -3.137230298258166e-06, 0.0012494058162298496, 0.0011017540589685598, 0.0010430107547201887, 0.00038809940458549926, 0.0003496898016594999, 0.00030309645208863615]","[1, 1, 1, 1, 1, 5, 5, 5, 5, 5, 5, 5, 5, 5, 5, 5, 5, 5, 5, 5, 1]","[0.03348925094908501, 0.03738070681732604, 0.037158073370507895, 0.03397442330082414, 0.018574057511373893, 0.01578970733245491, 0.01894928940477251, 0.023150105104617798, 0.02824687781383089, 0.027731142237055154, 0.02382017625254012, 0.014173745908879288, 0.012956542207150415, 0.014322996069813453, 0.015018206320933175, 0.01623442858052677, 0.01538570051642477, 0.016213956139286976, 0.007854426128172307, 0.007350307705047539, 0.007483030777276003]","['No damage', 'No damage', 'No damage', 'No damage', 'No damage', 'No damage', 'No damage', 'No damage', 'No damage', 'No damage', 'No damage', 'No damage', 'No damage', 'No damage', 'No damage', 'No damage', 'No damage', 'No damage', 'No damage', 'No damage', 'No damage']"
