,Beam - curv,Beam - Μ,Column - curv,Column - Μ
0,0.0,0.0,0.0,0.0
1,0.0001,-13.02,0.0001,-6.585
2,0.0002,-25.88,0.0002,-13.1
3,0.0003,-38.56,0.0003,-19.55
4,0.0004,-51.08,0.0004,-25.93
5,0.0005,-55.35,0.0005,-32.24
6,0.0006,-48.13,0.0006,-32.19
7,0.0007,-40.92,0.0007,-31.48
8,0.0008,-37.23,0.0008,-26.01
9,0.0009,-35.44,0.0009,-22.59
10,0.001,-34.88,0.001,-20.5
11,0.0011,-35.16,0.0011,-19.13
12,0.0012,-36.01,0.0012,-18.34
13,0.0013,-37.21,0.0013,-17.96
14,0.0014,-38.63,0.0014,-17.86
15,0.0015,-40.25,0.0015,-17.93
16,0.0016,-42.01,0.0016,-18.15
17,0.0017,-43.88,0.0017,-18.49
18,0.0018,-45.84,0.0018,-18.93
19,0.0019,-47.87,0.0019,-19.43
20,0.002,-49.94,0.002,-20.0
21,0.0021,-52.06,0.0021,-20.61
22,0.0022,-54.21,0.0022,-21.26
23,0.0023,-56.38,0.0023,-21.93
24,0.0024,-58.58,0.0024,-22.64
25,0.0025,-60.78,0.0025,-23.36
26,0.0026,-62.99,0.0026,-24.1
27,0.0027,-65.22,0.0027,-24.85
28,0.0028,-67.46,0.0028,-25.61
29,0.0029,-69.7,0.0029,-26.38
30,0.003,-71.95,0.003,-27.16
31,0.0031,-74.2,0.0031,-27.95
32,0.0032,-76.46,0.0032,-28.74
33,0.0033,-78.72,0.0033,-29.54
34,0.0034,-80.98,0.0034,-30.34
35,0.0035,-83.24,0.0035,-31.15
36,0.0036,-85.5,0.0036,-31.96
37,0.0037,-87.77,0.0037,-32.78
38,0.0038,-90.03,0.0038,-33.6
39,0.0039,-92.29,0.0039,-34.42
40,0.004,-94.56,0.004,-35.24
41,0.0041,-96.82,0.0041,-36.06
42,0.0042,-99.08,0.0042,-36.88
43,0.0043,-101.34,0.0043,-37.71
44,0.0044,-103.59,0.0044,-38.54
45,0.0045,-105.85,0.0045,-39.36
46,0.0046,-108.1,0.0046,-40.19
47,0.0047,-110.35,0.0047,-41.02
48,0.0048,-112.6,0.0048,-41.85
49,0.0049,-114.85,0.0049,-42.68
50,0.005,-117.1,0.005,-43.5
51,0.0051,-119.34,0.0051,-44.33
52,0.0052,-121.58,0.0052,-45.16
53,0.0053,-123.26,0.0053,-45.99
54,0.0054,-123.29,0.0054,-46.82
55,0.0055,-123.33,0.0055,-47.65
56,0.0056,-123.38,0.0056,-48.48
57,0.0057,-123.42,0.0057,-49.3
58,0.0058,-123.46,0.0058,-50.13
59,0.0059,-123.5,0.0059,-50.96
60,0.006,-123.54,0.006,-51.78
61,0.0061,-123.58,0.0061,-52.61
62,0.0062,-123.62,0.0062,-53.44
63,0.0063,-123.66,0.0063,-54.26
64,0.0064,-123.7,0.0064,-55.08
65,0.0065,-123.74,0.0065,-55.9
66,0.0066,-123.77,0.0066,-56.06
67,0.0067,-123.81,0.0067,-56.18
68,0.0068,-123.85,0.0068,-56.31
69,0.0069,-123.88,0.0069,-56.44
70,0.007,-123.92,0.007,-56.57
71,0.0071,-123.95,0.0071,-56.7
72,0.0072,-123.98,0.0072,-56.83
73,0.0073,-124.02,0.0073,-56.96
74,0.0074,-124.05,0.0074,-57.09
75,0.0075,-124.08,0.0075,-57.22
76,0.0076,-124.11,0.0076,-57.35
77,0.0077,-124.14,0.0077,-57.48
78,0.0078,-124.17,0.0078,-57.61
79,0.0079,-124.2,0.0079,-57.74
80,0.008,-124.23,0.008,-57.87
81,0.0081,-124.25,0.0081,-58.0
82,0.0082,-124.28,0.0082,-58.13
83,0.0083,-124.31,0.0083,-58.26
84,0.0084,-124.34,0.0084,-58.39
85,0.0085,-124.36,0.0085,-58.52
86,0.0086,-124.39,0.0086,-58.65
87,0.0087,-124.42,0.0087,-58.78
88,0.0088,-124.44,0.0088,-58.91
89,0.0089,-124.47,0.0089,-59.04
90,0.009,-124.49,0.009,-59.17
91,0.0091,-124.52,0.0091,-59.3
92,0.0092,-124.54,0.0092,-59.43
93,0.0093,-124.57,0.0093,-59.56
94,0.0094,-124.59,0.0094,-59.69
95,0.0095,-124.61,0.0095,-59.82
96,0.0096,-124.64,0.0096,-59.95
97,0.0097,-124.66,0.0097,-60.08
98,0.0098,-124.68,0.0098,-60.21
99,0.0099,-124.7,0.0099,-60.34
100,0.01,-124.72,0.01,-60.48
101,0.0101,-124.75,0.0101,-60.61
102,0.0102,-124.77,0.0102,-60.74
103,0.0103,-124.79,0.0103,-60.87
104,0.0104,-124.81,0.0104,-61.0
105,0.0105,-124.83,0.0105,-61.13
106,0.0106,-124.85,0.0106,-61.26
107,0.0107,-124.87,0.0107,-61.39
108,0.0108,-124.89,0.0108,-61.52
109,0.0109,-124.91,0.0109,-61.65
110,0.011,-124.93,0.011,-61.78
111,0.0111,-124.95,0.0111,-61.91
112,0.0112,-124.96,0.0112,-62.04
113,0.0113,-124.98,0.0113,-62.17
114,0.0114,-125.0,0.0114,-62.3
115,0.0115,-125.02,0.0115,-62.43
116,0.0116,-125.04,0.0116,-62.56
117,0.0117,-125.05,0.0117,-62.69
118,0.0118,-125.07,0.0118,-62.82
119,0.0119,-125.09,0.0119,-62.95
120,0.012,-125.11,0.012,-63.08
121,0.0121,-125.12,0.0121,-63.21
122,0.0122,-125.14,0.0122,-63.34
123,0.0123,-125.16,0.0123,-63.47
124,0.0124,-125.17,0.0124,-63.6
125,0.0125,-125.19,0.0125,-63.73
126,0.0126,-125.2,0.0126,-63.86
127,0.0127,-125.22,0.0127,-63.99
128,0.0128,-125.24,0.0128,-64.12
129,0.0129,-125.25,0.0129,-64.25
130,0.013,-125.27,0.013,-64.38
131,0.0131,-125.28,0.0131,-64.51
132,0.0132,-125.3,0.0132,-64.64
133,0.0133,-125.31,0.0133,-64.77
134,0.0134,-125.32,0.0134,-64.9
135,0.0135,-125.34,0.0135,-65.02
136,0.0136,-125.35,0.0136,-65.15
137,0.0137,-125.37,0.0137,-65.28
138,0.0138,-125.38,0.0138,-65.41
139,0.0139,-125.4,0.0139,-65.52
140,0.014,-125.41,0.014,-65.6
141,0.0141,-125.42,0.0141,-65.67
142,0.0142,-125.44,0.0142,-65.68
143,0.0143,-125.45,0.0143,-65.69
144,0.0144,-125.46,0.0144,-65.7
145,0.0145,-125.47,0.0145,-65.71
146,0.0146,-125.49,0.0146,-65.71
147,0.0147,-125.5,0.0147,-65.72
148,0.0148,-125.51,0.0148,-65.73
149,0.0149,-125.53,0.0149,-65.74
150,0.015,-125.54,0.015,-65.75
151,0.0151,-125.55,0.0151,-65.76
152,0.0152,-125.56,0.0152,-65.77
153,0.0153,-125.57,0.0153,-65.78
154,0.0154,-125.59,0.0154,-65.78
155,0.0155,-125.6,0.0155,-65.79
156,0.0156,-125.61,0.0156,-65.8
157,0.0157,-125.62,0.0157,-65.81
158,0.0158,-125.63,0.0158,-65.82
159,0.0159,-125.64,0.0159,-65.83
160,0.016,-125.65,0.016,-65.83
161,0.0161,-125.67,0.0161,-65.84
162,0.0162,-125.68,0.0162,-65.85
163,0.0163,-125.69,0.0163,-65.86
164,0.0164,-125.7,0.0164,-65.87
165,0.0165,-125.71,0.0165,-65.87
166,0.0166,-125.72,0.0166,-65.88
167,0.0167,-125.73,0.0167,-65.89
168,0.0168,-125.74,0.0168,-65.9
169,0.0169,-125.75,0.0169,-65.9
170,0.017,-125.76,0.017,-65.91
171,0.0171,-125.77,0.0171,-65.92
172,0.0172,-125.78,0.0172,-65.93
173,0.0173,-125.79,0.0173,-65.93
174,0.0174,-125.8,0.0174,-65.94
175,0.0175,-125.81,0.0175,-65.95
176,0.0176,-125.82,0.0176,-65.95
177,0.0177,-125.83,0.0177,-65.96
178,0.0178,-125.84,0.0178,-65.97
179,0.0179,-125.85,0.0179,-65.97
180,0.018,-125.86,0.018,-65.98
181,0.0181,-125.87,0.0181,-65.99
182,0.0182,-125.88,0.0182,-65.99
183,0.0183,-125.89,0.0183,-66.0
184,0.0184,-125.9,0.0184,-66.01
185,0.0185,-125.9,0.0185,-66.01
186,0.0186,-125.91,0.0186,-66.02
187,0.0187,-125.92,0.0187,-66.03
188,0.0188,-125.93,0.0188,-66.03
189,0.0189,-125.94,0.0189,-66.04
190,0.019,-125.95,0.019,-66.05
191,0.0191,-125.96,0.0191,-66.05
192,0.0192,-125.97,0.0192,-66.06
193,0.0193,-125.97,0.0193,-66.06
194,0.0194,-125.98,0.0194,-66.07
195,0.0195,-125.99,0.0195,-66.08
196,0.0196,-126.0,0.0196,-66.08
197,0.0197,-126.01,0.0197,-66.09
198,0.0198,-126.01,0.0198,-66.09
199,0.0199,-126.02,0.0199,-66.1
200,0.02,-126.03,0.02,-66.11
201,0.0201,-126.04,0.0201,-66.11
202,0.0202,-126.05,0.0202,-66.12
203,0.0203,-126.05,0.0203,-66.12
204,0.0204,-126.06,0.0204,-66.13
205,0.0205,-126.07,0.0205,-66.13
206,0.0206,-126.08,0.0206,-66.14
207,0.0207,-126.08,0.0207,-66.15
208,0.0208,-126.09,0.0208,-66.15
209,0.0209,-126.1,0.0209,-66.16
210,0.021,-126.11,0.021,-66.16
211,0.0211,-126.11,0.0211,-66.17
212,0.0212,-126.12,0.0212,-66.17
213,0.0213,-126.13,0.0213,-66.18
214,0.0214,-126.14,0.0214,-66.18
215,0.0215,-126.14,0.0215,-66.19
216,0.0216,-126.15,0.0216,-66.19
217,0.0217,-126.16,0.0217,-66.2
218,0.0218,-126.16,0.0218,-66.2
219,0.0219,-126.17,0.0219,-66.21
220,0.022,-126.18,0.022,-66.21
221,0.0221,-126.18,0.0221,-66.22
222,0.0222,-126.19,0.0222,-66.22
223,0.0223,-126.2,0.0223,-66.23
224,0.0224,-126.2,0.0224,-66.23
225,0.0225,-126.21,0.0225,-66.24
226,0.0226,-126.22,0.0226,-66.24
227,0.0227,-126.22,0.0227,-66.25
228,0.0228,-126.23,0.0228,-66.25
229,0.0229,-126.24,0.0229,-66.26
230,0.023,-126.24,0.023,-66.26
231,0.0231,-126.25,0.0231,-66.27
232,0.0232,-126.26,0.0232,-66.27
233,0.0233,-126.26,0.0233,-66.28
234,0.0234,-126.27,0.0234,-66.28
235,0.0235,-126.27,0.0235,-66.28
236,0.0236,-126.28,0.0236,-66.29
237,0.0237,-126.29,0.0237,-66.29
238,0.0238,-126.29,0.0238,-66.3
239,0.0239,-126.3,0.0239,-66.3
240,0.024,-126.31,0.024,-66.31
241,0.0241,-126.31,0.0241,-66.31
242,0.0242,-126.32,0.0242,-66.32
243,0.0243,-126.32,0.0243,-66.32
244,0.0244,-126.33,0.0244,-66.32
245,0.0245,-126.33,0.0245,-66.33
246,0.0246,-126.34,0.0246,-66.33
247,0.0247,-126.35,0.0247,-66.34
248,0.0248,-126.35,0.0248,-66.34
249,0.0249,-126.36,0.0249,-66.35
250,0.025,-126.36,0.025,-66.35
251,0.0251,-126.37,0.0251,-66.35
252,0.0252,-126.37,0.0252,-66.36
253,0.0253,-126.38,0.0253,-66.36
254,0.0254,-126.38,0.0254,-66.37
255,0.0255,-126.39,0.0255,-66.37
256,0.0256,-126.4,0.0256,-66.37
257,0.0257,-126.4,0.0257,-66.38
258,0.0258,-126.41,0.0258,-66.38
259,0.0259,-126.41,0.0259,-66.39
260,0.026,-126.42,0.026,-66.39
261,0.0261,-126.42,0.0261,-66.39
262,0.0262,-126.43,0.0262,-66.4
263,0.0263,-126.43,0.0263,-66.4
264,0.0264,-126.44,0.0264,-66.4
265,0.0265,-126.44,0.0265,-66.41
266,0.0266,-126.45,0.0266,-66.41
267,0.0267,-126.45,0.0267,-66.42
268,0.0268,-126.46,0.0268,-66.42
269,0.0269,-126.46,0.0269,-66.42
270,0.027,-126.47,0.027,-66.43
271,0.0271,-126.47,0.0271,-66.43
272,0.0272,-126.48,0.0272,-66.43
273,0.0273,-126.48,0.0273,-66.44
274,0.0274,-126.49,0.0274,-66.44
275,0.0275,-126.49,0.0275,-66.44
276,0.0276,-126.5,0.0276,-66.45
277,0.0277,-126.5,0.0277,-66.45
278,0.0278,-126.51,0.0278,-66.45
279,0.0279,-126.51,0.0279,-66.46
280,0.028,-126.51,0.028,-66.46
281,0.0281,-126.52,0.0281,-66.47
282,0.0282,-126.52,0.0282,-66.47
283,0.0283,-126.53,0.0283,-66.47
284,0.0284,-126.53,0.0284,-66.48
285,0.0285,-126.54,0.0285,-66.48
286,0.0286,-126.54,0.0286,-66.48
287,0.0287,-126.55,0.0287,-66.49
288,0.0288,-126.55,0.0288,-66.49
289,0.0289,-126.55,0.0289,-66.49
290,0.029,-126.56,0.029,-66.5
291,0.0291,-126.56,0.0291,-66.5
292,0.0292,-126.57,0.0292,-66.5
293,0.0293,-126.57,0.0293,-66.5
294,0.0294,-126.58,0.0294,-66.51
295,0.0295,-126.58,0.0295,-66.51
296,0.0296,-126.58,0.0296,-66.51
297,0.0297,-126.59,0.0297,-66.52
298,0.0298,-126.59,0.0298,-66.52
299,0.0299,-126.6,0.0299,-66.52
300,0.03,-126.6,0.03,-66.53
301,0.0301,-126.61,0.0301,-66.53
302,0.0302,-126.61,0.0302,-66.53
303,0.0303,-126.61,0.0303,-66.54
304,0.0304,-126.62,0.0304,-66.54
305,0.0305,-126.62,0.0305,-66.54
306,0.0306,-126.63,0.0306,-66.54
307,0.0307,-126.63,0.0307,-66.55
308,0.0308,-126.63,0.0308,-66.55
309,0.0309,-126.64,0.0309,-66.55
310,0.031,-126.64,0.031,-66.56
311,0.0311,-126.65,0.0311,-66.56
312,0.0312,-126.65,0.0312,-66.56
313,0.0313,-126.65,0.0313,-66.57
314,0.0314,-126.66,0.0314,-66.57
315,0.0315,-126.66,0.0315,-66.57
316,0.0316,-126.66,0.0316,-66.57
317,0.0317,-126.67,0.0317,-66.58
318,0.0318,-126.67,0.0318,-66.58
319,0.0319,-126.68,0.0319,-66.58
320,0.032,-126.68,0.032,-66.59
321,0.0321,-126.68,0.0321,-66.59
322,0.0322,-126.69,0.0322,-66.59
323,0.0323,-126.69,0.0323,-66.59
324,0.0324,-126.69,0.0324,-66.6
325,0.0325,-126.7,0.0325,-66.6
326,0.0326,-126.7,0.0326,-66.6
327,0.0327,-126.7,0.0327,-66.6
328,0.0328,-126.71,0.0328,-66.61
329,0.0329,-126.71,0.0329,-66.61
330,0.033,-126.72,0.033,-66.61
331,0.0331,-126.72,0.0331,-66.61
332,0.0332,-126.72,0.0332,-66.62
333,0.0333,-126.73,0.0333,-66.62
334,0.0334,-126.73,0.0334,-66.62
335,0.0335,-126.73,0.0335,-66.63
336,0.0336,-126.74,0.0336,-66.63
337,0.0337,-126.74,0.0337,-66.63
338,0.0338,-126.74,0.0338,-66.63
339,0.0339,-126.75,0.0339,-66.64
340,0.034,-126.75,0.034,-66.64
341,0.0341,-126.75,0.0341,-66.64
342,0.0342,-126.76,0.0342,-66.64
343,0.0343,-126.76,0.0343,-66.65
344,0.0344,-126.76,0.0344,-66.65
345,0.0345,-126.77,0.0345,-66.65
346,0.0346,-126.77,0.0346,-66.65
347,0.0347,-126.77,0.0347,-66.66
348,0.0348,-126.78,0.0348,-66.66
349,0.0349,-126.78,0.0349,-66.66
350,0.035,-126.78,0.035,-66.66
351,0.0351,-126.79,0.0351,-66.66
352,0.0352,-126.79,0.0352,-66.67
353,0.0353,-126.79,0.0353,-66.67
354,0.0354,-126.79,0.0354,-66.67
355,0.0355,-126.8,0.0355,-66.67
356,0.0356,-126.8,0.0356,-66.68
357,0.0357,-126.8,0.0357,-66.68
358,0.0358,-126.81,0.0358,-66.68
359,0.0359,-126.81,0.0359,-66.68
360,0.036,-126.81,0.036,-66.69
361,0.0361,-126.82,0.0361,-66.69
362,0.0362,-126.82,0.0362,-66.69
363,0.0363,-126.82,0.0363,-66.69
364,0.0364,-126.82,0.0364,-66.69
365,0.0365,-126.83,0.0365,-66.7
366,0.0366,-126.83,0.0366,-66.7
367,0.0367,-126.83,0.0367,-66.7
368,0.0368,-126.84,0.0368,-66.7
369,0.0369,-126.84,0.0369,-66.71
370,0.037,-126.84,0.037,-66.71
371,0.0371,-126.85,0.0371,-66.71
372,0.0372,-126.85,0.0372,-66.71
373,0.0373,-126.85,0.0373,-66.71
374,0.0374,-126.85,0.0374,-66.72
375,0.0375,-126.86,0.0375,-66.72
376,0.0376,-126.86,0.0376,-66.72
377,0.0377,-126.86,0.0377,-66.72
378,0.0378,-126.86,0.0378,-66.73
379,0.0379,-126.87,0.0379,-66.73
380,0.038,-126.87,0.038,-66.73
381,0.0381,-126.87,0.0381,-66.73
382,0.0382,-126.88,0.0382,-66.73
383,0.0383,-126.88,0.0383,-66.74
384,0.0384,-126.88,0.0384,-66.74
385,0.0385,-126.88,0.0385,-66.74
386,0.0386,-126.89,0.0386,-66.74
387,0.0387,-126.89,0.0387,-66.74
388,0.0388,-126.89,0.0388,-66.75
389,0.0389,-126.89,0.0389,-66.75
390,0.039,-126.9,0.039,-66.75
391,0.0391,-126.9,0.0391,-66.75
392,0.0392,-126.9,0.0392,-66.75
393,0.0393,-126.91,0.0393,-66.76
394,0.0394,-126.91,0.0394,-66.76
395,0.0395,-126.91,0.0395,-66.76
396,0.0396,-126.91,0.0396,-66.76
397,0.0397,-126.92,0.0397,-66.76
398,0.0398,-126.92,0.0398,-66.77
399,0.0399,-126.92,0.0399,-66.77
400,0.04,-126.92,0.04,-66.77
401,0.0401,-126.93,0.0401,-66.77
402,0.0402,-126.93,0.0402,-66.77
403,0.0403,-126.93,0.0403,-66.78
404,0.0404,-126.93,0.0404,-66.78
405,0.0405,-126.94,0.0405,-66.78
406,0.0406,-126.94,0.0406,-66.78
407,0.0407,-126.94,0.0407,-66.78
408,0.0408,-126.94,0.0408,-66.78
409,0.0409,-126.94,0.0409,-66.79
410,0.041,-126.95,0.041,-66.79
411,0.0411,-126.95,0.0411,-66.79
412,0.0412,-126.95,0.0412,-66.79
413,0.0413,-126.95,0.0413,-66.79
414,0.0414,-126.96,0.0414,-66.8
415,0.0415,-126.96,0.0415,-66.8
416,0.0416,-126.96,0.0416,-66.8
417,0.0417,-126.96,0.0417,-66.8
418,0.0418,-126.97,0.0418,-66.8
419,0.0419,-126.97,0.0419,-66.8
420,0.042,-126.97,0.042,-66.81
421,0.0421,-126.97,0.0421,-66.81
422,0.0422,-126.98,0.0422,-66.81
423,0.0423,-126.98,0.0423,-66.81
424,0.0424,-126.98,0.0424,-66.81
425,0.0425,-126.98,0.0425,-66.82
426,0.0426,-126.98,0.0426,-66.82
427,0.0427,-126.99,0.0427,-66.82
428,0.0428,-126.99,0.0428,-66.82
429,0.0429,-126.99,0.0429,-66.82
430,0.043,-126.99,0.043,-66.82
431,0.0431,-127.0,0.0431,-66.83
432,0.0432,-127.0,0.0432,-66.83
433,0.0433,-127.0,0.0433,-66.83
434,0.0434,-127.0,0.0434,-66.83
435,0.0435,-127.0,0.0435,-66.83
436,0.0436,-127.01,0.0436,-66.83
437,0.0437,-127.01,0.0437,-66.84
438,0.0438,-127.01,0.0438,-66.84
439,0.0439,-127.01,0.0439,-66.84
440,0.044,-127.01,0.044,-66.84
441,0.0441,-127.02,0.0441,-66.84
442,0.0442,-127.02,0.0442,-66.84
443,0.0443,-127.02,0.0443,-66.85
444,0.0444,-127.02,0.0444,-66.85
445,0.0445,-127.03,0.0445,-66.85
446,0.0446,-127.03,0.0446,-66.85
447,0.0447,-127.03,0.0447,-66.85
448,0.0448,-127.03,0.0448,-66.85
449,0.0449,-127.03,0.0449,-66.86
450,0.045,-127.04,0.045,-66.86
451,0.0451,-127.04,0.0451,-66.86
452,0.0452,-127.04,0.0452,-66.86
453,0.0453,-127.04,0.0453,-66.86
454,0.0454,-127.04,0.0454,-66.86
455,0.0455,-127.05,0.0455,-66.86
456,0.0456,-127.05,0.0456,-66.87
457,0.0457,-127.05,0.0457,-66.87
458,0.0458,-127.05,0.0458,-66.87
459,0.046209,-127.04,0.0459,-66.87
460,0.046,-127.04,0.046,-66.87
461,0.0461,-0.731,0.0461,-66.87
462,,,0.0462,-66.88
463,,,0.0463,-66.88
464,,,0.0464,-66.88
465,,,0.0465,-66.88
466,,,0.0466,-66.88
467,,,0.0467,-66.88
468,,,0.0468,-66.88
469,,,0.0469,-66.89
470,,,0.047,-66.89
471,,,0.0471,-66.89
472,,,0.0472,-66.89
473,,,0.0473,-66.89
474,,,0.0474,-66.89
475,,,0.0475,-66.89
476,,,0.0476,-66.9
477,,,0.0477,-66.9
478,,,0.0478,-66.9
479,,,0.0479,-66.9
480,,,0.048,-66.9
481,,,0.0481,-66.9
482,,,0.0482,-66.9
483,,,0.0483,-66.91
484,,,0.0484,-66.91
485,,,0.0485,-66.91
486,,,0.0486,-66.91
487,,,0.0487,-66.91
488,,,0.0488,-66.91
489,,,0.0489,-66.91
490,,,0.049,-66.92
491,,,0.0491,-66.92
492,,,0.0492,-66.92
493,,,0.0493,-66.92
494,,,0.0494,-66.92
495,,,0.0495,-66.92
496,,,0.0496,-66.92
497,,,0.0497,-66.93
498,,,0.0498,-66.93
499,,,0.0499,-66.93
500,,,0.05,-66.93
501,,,0.0501,-66.93
502,,,0.0502,-66.93
503,,,0.0503,-66.93
504,,,0.0504,-66.93
505,,,0.0505,-66.94
506,,,0.0506,-66.94
507,,,0.0507,-66.94
508,,,0.0508,-66.94
509,,,0.0509,-66.94
510,,,0.051,-66.94
511,,,0.0511,-66.94
512,,,0.0512,-66.94
513,,,0.0513,-66.95
514,,,0.0514,-66.95
515,,,0.0515,-66.95
516,,,0.0516,-66.95
517,,,0.0517,-66.95
518,,,0.0518,-66.95
519,,,0.0519,-66.95
520,,,0.052,-66.95
521,,,0.0521,-66.96
522,,,0.0522,-66.96
523,,,0.0523,-66.96
524,,,0.0524,-66.96
525,,,0.0525,-66.96
526,,,0.0526,-66.96
527,,,0.0527,-66.96
528,,,0.0528,-66.96
529,,,0.0529,-66.97
530,,,0.053,-66.97
531,,,0.0531,-66.97
532,,,0.0532,-66.97
533,,,0.0533,-66.97
534,,,0.0534,-66.97
535,,,0.0535,-66.97
536,,,0.0536,-66.97
537,,,0.0537,-66.97
538,,,0.0538,-66.98
539,,,0.0539,-66.98
540,,,0.054,-66.98
541,,,0.0541,-66.98
542,,,0.0542,-66.98
543,,,0.0543,-66.98
544,,,0.0544,-66.98
545,,,0.0545,-66.98
546,,,0.0546,-66.98
547,,,0.0547,-66.99
548,,,0.0548,-66.99
549,,,0.0549,-66.99
550,,,0.055,-66.99
551,,,0.0551,-66.99
552,,,0.0552,-66.99
553,,,0.0553,-66.99
554,,,0.0554,-66.99
555,,,0.0555,-66.99
556,,,0.0556,-67.0
557,,,0.0557,-67.0
558,,,0.0558,-67.0
559,,,0.0559,-67.0
560,,,0.056,-67.0
561,,,0.0561,-67.0
562,,,0.0562,-67.0
563,,,0.0563,-67.0
564,,,0.0564,-67.0
565,,,0.0565,-67.01
566,,,0.0566,-67.01
567,,,0.0567,-67.01
568,,,0.0568,-67.01
569,,,0.0569,-67.01
570,,,0.057,-67.01
571,,,0.0571,-67.01
572,,,0.0572,-67.01
573,,,0.0573,-67.01
574,,,0.0574,-67.02
575,,,0.0575,-67.02
576,,,0.0576,-67.02
577,,,0.0577,-67.02
578,,,0.0578,-67.02
579,,,0.0579,-67.02
580,,,0.058,-67.02
581,,,0.0581,-67.02
582,,,0.0582,-67.02
583,,,0.0583,-67.02
584,,,0.0584,-67.03
585,,,0.058876,-67.04
586,,,0.0586,-67.02
587,,,0.0587,-17.84
588,,,0.0588,-17.88
589,,,0.0589,-17.88
590,,,0.059,-17.89
591,,,0.0591,-17.89
592,,,0.0592,-17.89
593,,,0.0593,-17.9
594,,,0.0594,-17.9
595,,,0.0595,-17.9
596,,,0.0596,-17.9
597,,,0.0597,-17.91
598,,,0.0598,-17.91
599,,,0.0599,-17.91
600,,,0.06,-17.92
601,,,0.0601,-17.92
602,,,0.0602,-17.92
603,,,0.0603,-17.92
604,,,0.0604,-17.93
605,,,0.0605,-17.93
606,,,0.0606,-17.93
607,,,0.0607,-17.94
608,,,0.0608,-17.94
609,,,0.0609,-17.94
610,,,0.061,-17.94
611,,,0.0611,-17.95
612,,,0.0612,-17.95
613,,,0.0613,-17.95
614,,,0.0614,-17.94
615,,,0.0615,-17.94
616,,,0.0616,-17.94
617,,,0.0617,-17.94
618,,,0.0618,-17.94
619,,,0.0619,-17.94
620,,,0.062,-17.94
621,,,0.0621,-17.94
622,,,0.0622,-17.93
623,,,0.0623,-17.93
624,,,0.0624,-17.93
625,,,0.0625,-17.93
626,,,0.0626,-17.93
627,,,0.0627,-17.93
628,,,0.0628,-17.93
629,,,0.0629,-17.92
630,,,0.063,-17.92
631,,,0.0631,-17.92
632,,,0.0632,-17.92
633,,,0.0633,-17.92
634,,,0.0634,-17.92
635,,,0.0635,-17.92
636,,,0.0636,-17.92
637,,,0.0637,-17.91
638,,,0.0638,-17.91
639,,,0.0639,-17.91
640,,,0.064,-17.91
641,,,0.0641,-17.92
642,,,0.0642,-17.92
643,,,0.0643,-17.92
644,,,0.0644,-17.92
645,,,0.0645,-17.92
646,,,0.0646,-17.92
647,,,0.0647,-17.92
648,,,0.0648,-17.92
649,,,0.0649,-17.92
650,,,0.065,-17.92
651,,,0.0651,-17.92
652,,,0.0652,-17.92
653,,,0.0653,-17.93
654,,,0.0654,-17.93
655,,,0.0655,-17.93
656,,,0.0656,-17.93
657,,,0.0657,-17.93
658,,,0.0658,-17.93
659,,,0.0659,-17.93
660,,,0.066,-17.93
661,,,0.0661,-17.93
662,,,0.0662,-17.93
663,,,0.0663,-17.93
664,,,0.0664,-17.93
665,,,0.0665,-17.94
666,,,0.0666,-17.94
667,,,0.0667,-17.94
668,,,0.0668,-17.94
669,,,0.0669,-17.94
670,,,0.067,-17.94
671,,,0.0671,-17.94
672,,,0.0672,-17.94
673,,,0.0673,-17.94
674,,,0.0674,-17.94
675,,,0.0675,-17.94
676,,,0.0676,-17.94
677,,,0.0677,-17.95
678,,,0.0678,-17.95
679,,,0.0679,-17.95
680,,,0.068,-17.95
681,,,0.0681,-17.95
682,,,0.0682,-17.95
683,,,0.0683,-17.95
684,,,0.0684,-17.95
685,,,0.0685,-17.95
686,,,0.0686,-17.95
687,,,0.0687,-17.95
688,,,0.0688,-17.95
689,,,0.0689,-17.96
690,,,0.069,-17.96
691,,,0.0691,-17.96
692,,,0.0692,-17.96
693,,,0.0693,-17.96
694,,,0.0694,-17.96
695,,,0.0695,-17.96
696,,,0.0696,-17.96
697,,,0.0697,-17.96
698,,,0.0698,-17.96
699,,,0.0699,-17.96
700,,,0.07,-17.96
701,,,0.0701,-17.96
702,,,0.0702,-17.97
703,,,0.0703,-17.97
704,,,0.0704,-17.97
705,,,0.0705,-17.97
706,,,0.0706,-17.97
707,,,0.0707,-17.97
708,,,0.0708,-17.97
709,,,0.0709,-17.97
710,,,0.071,-17.97
711,,,0.0711,-17.97
712,,,0.0712,-17.97
713,,,0.0713,-17.97
714,,,0.0714,-17.97
715,,,0.0715,-17.98
716,,,0.0716,-17.98
717,,,0.0717,-17.98
718,,,0.0718,-17.98
719,,,0.0719,-17.98
720,,,0.072,-17.98
721,,,0.0721,-17.98
722,,,0.0722,-17.98
723,,,0.0723,-17.98
724,,,0.0724,-17.98
725,,,0.0725,-17.98
726,,,0.0726,-17.98
727,,,0.0727,-17.99
728,,,0.0728,-17.99
729,,,0.0729,-17.99
730,,,0.073,-17.99
731,,,0.0731,-17.99
732,,,0.0732,-17.99
733,,,0.0733,-17.99
734,,,0.0734,-17.99
735,,,0.0735,-17.99
736,,,0.0736,-17.99
737,,,0.0737,-17.99
738,,,0.0738,-17.99
739,,,0.0739,-17.99
740,,,0.074,-18.0
741,,,0.0741,-18.0
742,,,0.0742,-18.0
743,,,0.0743,-18.0
744,,,0.0744,-18.0
745,,,0.0745,-18.0
746,,,0.0746,-18.0
747,,,0.0747,-18.0
748,,,0.0748,-18.0
749,,,0.0749,-18.0
750,,,0.075,-18.0
751,,,0.0751,-18.0
752,,,0.0752,-18.0
753,,,0.0753,-18.01
754,,,0.0754,-18.01
755,,,0.0755,-18.01
756,,,0.0756,-18.01
757,,,0.0757,-18.01
758,,,0.0758,-18.01
759,,,0.0759,-18.01
760,,,0.076,-18.01
761,,,0.0761,-18.01
762,,,0.0762,-18.01
763,,,0.0763,-18.01
764,,,0.0764,-18.01
765,,,0.0765,-18.01
766,,,0.0766,-18.01
767,,,0.0767,-18.02
768,,,0.0768,-18.02
769,,,0.0769,-18.02
770,,,0.077,-18.02
771,,,0.0771,-18.02
772,,,0.0772,-18.02
773,,,0.0773,-18.02
774,,,0.0774,-18.02
775,,,0.0775,-18.02
776,,,0.0776,-18.02
777,,,0.0777,-18.02
778,,,0.0778,-18.02
779,,,0.0779,-18.02
780,,,0.078,-18.03
781,,,0.0781,-18.03
782,,,0.0782,-18.03
783,,,0.0783,-18.03
784,,,0.0784,-18.03
785,,,0.0785,-18.03
786,,,0.0786,-18.03
787,,,0.0787,-18.03
788,,,0.0788,-18.03
789,,,0.0789,-18.03
790,,,0.079,-18.03
791,,,0.0791,-18.03
792,,,0.0792,-18.03
793,,,0.0793,-18.03
794,,,0.0794,-18.04
795,,,0.0795,-18.04
796,,,0.0796,-18.04
797,,,0.0797,-18.04
798,,,0.0798,-18.04
799,,,0.0799,-18.04
800,,,0.08,-18.04
801,,,0.0801,-18.04
802,,,0.0802,-18.04
803,,,0.0803,-18.04
804,,,0.0804,-18.04
805,,,0.0805,-18.04
806,,,0.0806,-18.04
807,,,0.0807,-18.04
808,,,0.0808,-18.05
809,,,0.0809,-18.05
810,,,0.081,-18.05
811,,,0.0811,-18.05
812,,,0.0812,-18.05
813,,,0.0813,-18.05
814,,,0.0814,-18.05
815,,,0.0815,-18.05
816,,,0.0816,-18.05
817,,,0.0817,-18.05
818,,,0.0818,-18.05
819,,,0.0819,-18.05
820,,,0.082,-18.05
821,,,0.0821,-18.05
822,,,0.0822,-18.06
823,,,0.0823,-18.06
824,,,0.0824,-18.06
825,,,0.0825,-18.06
826,,,0.0826,-18.06
827,,,0.0827,-18.06
828,,,0.0828,-18.06
829,,,0.0829,-18.06
830,,,0.083,-18.06
831,,,0.0831,-18.06
832,,,0.0832,-18.06
833,,,0.0833,-18.06
834,,,0.0834,-18.06
835,,,0.0835,-18.06
836,,,0.0836,-18.07
837,,,0.0837,-18.07
838,,,0.0838,-18.07
839,,,0.0839,-18.07
840,,,0.084,-18.07
841,,,0.0841,-18.07
842,,,0.0842,-18.07
843,,,0.0843,-18.07
844,,,0.0844,-18.07
845,,,0.0845,-18.07
846,,,0.0846,-18.07
847,,,0.0847,-18.07
848,,,0.0848,-18.07
849,,,0.0849,-18.07
850,,,0.085,-18.07
851,,,0.0851,-18.08
852,,,0.0852,-18.08
853,,,0.0853,-18.08
854,,,0.0854,-18.08
855,,,0.0855,-18.08
856,,,0.0856,-18.08
857,,,0.0857,-18.08
858,,,0.0858,-18.08
859,,,0.0859,-18.08
860,,,0.086,-18.08
861,,,0.0861,-18.08
862,,,0.0862,-18.08
863,,,0.0863,-18.08
864,,,0.0864,-18.08
865,,,0.0865,-18.08
866,,,0.0866,-18.09
867,,,0.0867,-18.09
868,,,0.0868,-18.09
869,,,0.0869,-18.09
870,,,0.087,-18.09
871,,,0.0871,-18.09
872,,,0.0872,-18.09
873,,,0.0873,-18.09
874,,,0.0874,-18.09
875,,,0.0875,-18.09
876,,,0.0876,-18.09
877,,,0.0877,-18.09
878,,,0.0878,-18.09
879,,,0.0879,-18.09
880,,,0.088,-18.09
881,,,0.0881,-18.1
882,,,0.0882,-18.1
883,,,0.0883,-18.1
884,,,0.0884,-18.1
885,,,0.0885,-18.1
886,,,0.0886,-18.1
887,,,0.0887,-18.1
888,,,0.0888,-18.1
889,,,0.0889,-18.1
890,,,0.089,-18.1
891,,,0.0891,-18.1
892,,,0.0892,-18.1
893,,,0.0893,-18.1
894,,,0.0894,-18.1
895,,,0.0895,-18.1
896,,,0.0896,-18.11
897,,,0.0897,-18.11
898,,,0.0898,-18.11
899,,,0.0899,-18.11
900,,,0.09,-18.11
901,,,0.0901,-18.11
902,,,0.0902,-18.11
903,,,0.0903,-18.11
904,,,0.0904,-18.11
905,,,0.0905,-18.11
906,,,0.0906,-18.11
907,,,0.0907,-18.11
908,,,0.0908,-18.11
909,,,0.0909,-18.11
910,,,0.091,-18.11
911,,,0.0911,-18.11
912,,,0.0912,-18.12
913,,,0.0913,-18.12
914,,,0.0914,-18.12
915,,,0.0915,-18.12
916,,,0.0916,-18.12
917,,,0.0917,-18.12
918,,,0.0918,-18.12
919,,,0.0919,-18.12
920,,,0.092,-18.12
921,,,0.0921,-18.12
922,,,0.0922,-18.12
923,,,0.0923,-18.12
924,,,0.0924,-18.12
925,,,0.0925,-18.12
926,,,0.0926,-18.12
927,,,0.0927,-18.13
928,,,0.0928,-18.13
929,,,0.0929,-18.13
930,,,0.093,-18.13
931,,,0.0931,-18.13
932,,,0.0932,-18.13
933,,,0.0933,-18.13
934,,,0.0934,-18.13
935,,,0.0935,-18.13
936,,,0.0936,-18.13
937,,,0.0937,-18.13
938,,,0.0938,-18.13
939,,,0.0939,-18.13
940,,,0.094,-18.13
941,,,0.0941,-18.13
942,,,0.0942,-18.13
943,,,0.0943,-18.13
944,,,0.0944,-18.14
945,,,0.0945,-18.14
946,,,0.0946,-18.14
947,,,0.0947,-18.14
948,,,0.0948,-18.14
949,,,0.0949,-18.14
950,,,0.095,-18.14
951,,,0.0951,-18.14
952,,,0.0952,-18.14
953,,,0.0953,-18.14
954,,,0.0954,-18.14
955,,,0.0955,-18.14
956,,,0.0956,-18.14
957,,,0.0957,-18.14
958,,,0.0958,-18.14
959,,,0.0959,-18.14
960,,,0.096,-18.15
961,,,0.0961,-18.15
962,,,0.0962,-18.15
963,,,0.0963,-18.15
964,,,0.0964,-18.15
965,,,0.0965,-18.15
966,,,0.0966,-18.15
967,,,0.0967,-18.15
968,,,0.0968,-18.15
969,,,0.0969,-18.15
970,,,0.097,-18.15
971,,,0.0971,-18.15
972,,,0.0972,-18.15
973,,,0.0973,-18.15
974,,,0.0974,-18.15
975,,,0.0975,-18.15
976,,,0.0976,-18.15
977,,,0.0977,-18.16
978,,,0.0978,-18.16
979,,,0.0979,-18.16
980,,,0.098,-18.16
981,,,0.0981,-18.16
982,,,0.0982,-18.16
983,,,0.0983,-18.16
984,,,0.0984,-18.16
985,,,0.0985,-18.16
986,,,0.0986,-18.16
987,,,0.0987,-18.16
988,,,0.0988,-18.16
989,,,0.0989,-18.16
990,,,0.099,-18.16
991,,,0.0991,-18.16
992,,,0.0992,-18.16
993,,,0.0993,-18.16
994,,,0.0994,-18.17
995,,,0.0995,-18.17
996,,,0.0996,-18.17
997,,,0.0997,-18.17
998,,,0.0998,-18.17
999,,,0.0999,-18.17
1000,,,0.1,-18.17
1001,,,0.1001,-18.17
1002,,,0.1002,-18.17
1003,,,0.1003,-18.17
1004,,,0.1004,-18.17
1005,,,0.1005,-18.17
1006,,,0.1006,-18.17
1007,,,0.1007,-18.17
1008,,,0.1008,-18.17
1009,,,0.1009,-18.17
1010,,,0.101,-18.17
1011,,,0.1011,-18.18
1012,,,0.1012,-18.18
1013,,,0.1013,-18.18
1014,,,0.1014,-18.18
1015,,,0.1015,-18.18
1016,,,0.1016,-18.18
1017,,,0.1017,-18.18
1018,,,0.1018,-18.18
1019,,,0.1019,-18.18
1020,,,0.102,-18.18
1021,,,0.1021,-18.18
1022,,,0.1022,-18.18
1023,,,0.1023,-18.18
1024,,,0.1024,-18.18
1025,,,0.1025,-18.18
1026,,,0.1026,-18.18
1027,,,0.1027,-18.18
1028,,,0.1028,-18.18
1029,,,0.1029,-18.19
1030,,,0.103,-18.19
1031,,,0.1031,-18.19
1032,,,0.1032,-18.19
1033,,,0.1033,-18.19
1034,,,0.1034,-18.19
1035,,,0.1035,-18.19
1036,,,0.1036,-18.19
1037,,,0.1037,-18.19
1038,,,0.1038,-18.19
1039,,,0.1039,-18.19
1040,,,0.104,-18.19
1041,,,0.1041,-18.19
1042,,,0.1042,-18.19
1043,,,0.1043,-18.19
1044,,,0.1044,-18.19
1045,,,0.1045,-18.19
1046,,,0.1046,-18.19
1047,,,0.1047,-18.2
1048,,,0.1048,-18.2
1049,,,0.1049,-18.2
1050,,,0.105,-18.2
1051,,,0.1051,-18.2
1052,,,0.1052,-18.2
1053,,,0.1053,-18.2
1054,,,0.1054,-18.2
1055,,,0.1055,-18.2
1056,,,0.1056,-18.2
1057,,,0.1057,-18.2
1058,,,0.1058,-18.2
1059,,,0.1059,-18.2
1060,,,0.106,-18.2
1061,,,0.1061,-18.2
1062,,,0.1062,-18.2
1063,,,0.1063,-18.2
1064,,,0.1064,-18.2
1065,,,0.1065,-18.2
1066,,,0.1066,-18.21
1067,,,0.1067,-18.21
1068,,,0.1068,-18.21
1069,,,0.1069,-18.21
1070,,,0.107,-18.21
1071,,,0.1071,-18.21
1072,,,0.1072,-18.21
1073,,,0.1073,-18.21
1074,,,0.1074,-18.21
1075,,,0.1075,-18.21
1076,,,0.1076,-18.21
1077,,,0.1077,-18.21
1078,,,0.1078,-18.21
1079,,,0.1079,-18.21
1080,,,0.108,-18.21
1081,,,0.1081,-18.21
1082,,,0.1082,-18.21
1083,,,0.1083,-18.21
1084,,,0.1084,-18.22
1085,,,0.1085,-18.22
1086,,,0.1086,-18.22
1087,,,0.1087,-18.22
1088,,,0.1088,-18.22
1089,,,0.1089,-18.22
1090,,,0.109,-18.22
1091,,,0.1091,-18.22
1092,,,0.1092,-18.22
1093,,,0.1093,-18.22
1094,,,0.1094,-18.22
1095,,,0.1095,-18.22
1096,,,0.1096,-18.22
1097,,,0.1097,-18.22
1098,,,0.1098,-18.22
1099,,,0.1099,-18.22
1100,,,0.11,-18.22
1101,,,0.1101,-1.44
